# no_observation,attribut_0,attribut_1
0,489.0,402.0
1,464.0,396.0
2,463.0,395.0
3,464.0,395.0
4,463.0,394.0
5,464.0,394.0
6,464.0,393.0
7,462.0,391.0
8,462.0,390.0
9,194.0,366.0
10,194.0,365.0
11,195.0,365.0
12,194.0,364.0
13,195.0,364.0
14,196.0,364.0
15,197.0,364.0
16,195.0,363.0
17,196.0,363.0
18,197.0,363.0
19,194.0,362.0
20,195.0,362.0
21,196.0,362.0
22,197.0,362.0
23,194.0,356.0
24,195.0,356.0
25,442.0,355.0
26,443.0,355.0
27,194.0,354.0
28,441.0,354.0
29,442.0,354.0
30,443.0,354.0
31,193.0,353.0
32,194.0,353.0
33,195.0,353.0
34,248.0,353.0
35,249.0,353.0
36,250.0,353.0
37,441.0,353.0
38,442.0,353.0
39,443.0,353.0
40,192.0,352.0
41,193.0,352.0
42,194.0,352.0
43,195.0,352.0
44,250.0,352.0
45,439.0,352.0
46,440.0,352.0
47,441.0,352.0
48,442.0,352.0
49,443.0,352.0
50,444.0,352.0
51,445.0,352.0
52,127.0,351.0
53,193.0,351.0
54,194.0,351.0
55,195.0,351.0
56,439.0,351.0
57,441.0,351.0
58,442.0,351.0
59,443.0,351.0
60,444.0,351.0
61,192.0,350.0
62,193.0,350.0
63,194.0,350.0
64,195.0,350.0
65,442.0,350.0
66,490.0,350.0
67,192.0,349.0
68,193.0,349.0
69,196.0,349.0
70,443.0,349.0
71,192.0,348.0
72,193.0,348.0
73,194.0,348.0
74,195.0,348.0
75,196.0,348.0
76,197.0,348.0
77,198.0,348.0
78,443.0,348.0
79,445.0,348.0
80,193.0,347.0
81,194.0,347.0
82,195.0,347.0
83,196.0,347.0
84,197.0,347.0
85,198.0,347.0
86,443.0,347.0
87,445.0,347.0
88,123.0,346.0
89,124.0,346.0
90,443.0,346.0
91,444.0,346.0
92,445.0,346.0
93,123.0,345.0
94,124.0,345.0
95,123.0,344.0
96,124.0,344.0
97,71.0,343.0
98,72.0,343.0
99,123.0,343.0
100,124.0,343.0
101,69.0,342.0
102,70.0,342.0
103,71.0,342.0
104,72.0,342.0
105,73.0,342.0
106,465.0,342.0
107,71.0,341.0
108,72.0,341.0
109,73.0,341.0
110,100.0,341.0
111,73.0,340.0
112,134.0,339.0
113,456.0,334.0
114,457.0,334.0
115,456.0,333.0
116,457.0,333.0
117,52.0,329.0
118,53.0,329.0
119,494.0,327.0
120,495.0,327.0
121,144.0,326.0
122,144.0,325.0
123,145.0,325.0
124,146.0,325.0
125,275.0,325.0
126,145.0,324.0
127,146.0,324.0
128,142.0,323.0
129,145.0,323.0
130,402.0,323.0
131,403.0,323.0
132,471.0,323.0
133,141.0,322.0
134,142.0,322.0
135,144.0,322.0
136,145.0,322.0
137,402.0,322.0
138,403.0,322.0
139,404.0,322.0
140,139.0,321.0
141,140.0,321.0
142,141.0,321.0
143,386.0,321.0
144,387.0,321.0
145,388.0,321.0
146,402.0,321.0
147,467.0,321.0
148,468.0,321.0
149,469.0,321.0
150,471.0,321.0
151,141.0,320.0
152,385.0,320.0
153,387.0,320.0
154,388.0,320.0
155,389.0,320.0
156,467.0,320.0
157,468.0,320.0
158,469.0,320.0
159,384.0,319.0
160,385.0,319.0
161,386.0,319.0
162,387.0,319.0
163,388.0,319.0
164,389.0,319.0
165,468.0,319.0
166,469.0,319.0
167,471.0,319.0
168,380.0,318.0
169,382.0,318.0
170,383.0,318.0
171,384.0,318.0
172,385.0,318.0
173,386.0,318.0
174,387.0,318.0
175,389.0,318.0
176,469.0,318.0
177,470.0,318.0
178,471.0,318.0
179,472.0,318.0
180,275.0,317.0
181,382.0,317.0
182,383.0,317.0
183,384.0,317.0
184,385.0,317.0
185,386.0,317.0
186,387.0,317.0
187,388.0,317.0
188,468.0,317.0
189,470.0,317.0
190,471.0,317.0
191,326.0,316.0
192,382.0,316.0
193,383.0,316.0
194,384.0,316.0
195,385.0,316.0
196,386.0,316.0
197,387.0,316.0
198,388.0,316.0
199,375.0,315.0
200,376.0,315.0
201,382.0,315.0
202,383.0,315.0
203,384.0,315.0
204,385.0,315.0
205,386.0,315.0
206,387.0,315.0
207,388.0,315.0
208,375.0,314.0
209,383.0,314.0
210,384.0,314.0
211,385.0,314.0
212,386.0,314.0
213,387.0,314.0
214,388.0,314.0
215,469.0,314.0
216,109.0,313.0
217,110.0,313.0
218,373.0,313.0
219,384.0,313.0
220,385.0,313.0
221,386.0,313.0
222,387.0,313.0
223,468.0,313.0
224,469.0,313.0
225,109.0,312.0
226,110.0,312.0
227,384.0,312.0
228,385.0,312.0
229,386.0,312.0
230,387.0,312.0
231,109.0,311.0
232,110.0,311.0
233,111.0,311.0
234,112.0,311.0
235,109.0,310.0
236,110.0,310.0
237,111.0,310.0
238,110.0,309.0
239,231.0,309.0
240,231.0,308.0
241,233.0,308.0
242,113.0,307.0
243,476.0,307.0
244,477.0,307.0
245,112.0,306.0
246,113.0,306.0
247,448.0,306.0
248,449.0,306.0
249,57.0,305.0
250,58.0,305.0
251,449.0,305.0
252,57.0,304.0
253,58.0,304.0
254,84.0,304.0
255,85.0,304.0
256,492.0,304.0
257,493.0,304.0
258,58.0,303.0
259,64.0,303.0
260,84.0,303.0
261,281.0,303.0
262,282.0,303.0
263,64.0,302.0
264,71.0,302.0
265,82.0,302.0
266,83.0,302.0
267,84.0,302.0
268,85.0,302.0
269,87.0,302.0
270,282.0,302.0
271,283.0,302.0
272,51.0,301.0
273,52.0,301.0
274,55.0,301.0
275,59.0,301.0
276,84.0,301.0
277,85.0,301.0
278,86.0,301.0
279,87.0,301.0
280,282.0,301.0
281,283.0,301.0
282,284.0,301.0
283,285.0,301.0
284,45.0,300.0
285,46.0,300.0
286,50.0,300.0
287,54.0,300.0
288,55.0,300.0
289,56.0,300.0
290,64.0,300.0
291,66.0,300.0
292,67.0,300.0
293,70.0,300.0
294,72.0,300.0
295,73.0,300.0
296,85.0,300.0
297,86.0,300.0
298,278.0,300.0
299,279.0,300.0
300,472.0,300.0
301,50.0,299.0
302,53.0,299.0
303,54.0,299.0
304,55.0,299.0
305,56.0,299.0
306,57.0,299.0
307,58.0,299.0
308,279.0,299.0
309,280.0,299.0
310,281.0,299.0
311,282.0,299.0
312,287.0,299.0
313,52.0,298.0
314,53.0,298.0
315,54.0,298.0
316,55.0,298.0
317,56.0,298.0
318,57.0,298.0
319,58.0,298.0
320,60.0,298.0
321,61.0,298.0
322,280.0,298.0
323,281.0,298.0
324,282.0,298.0
325,283.0,298.0
326,284.0,298.0
327,285.0,298.0
328,286.0,298.0
329,47.0,297.0
330,48.0,297.0
331,50.0,297.0
332,51.0,297.0
333,52.0,297.0
334,53.0,297.0
335,54.0,297.0
336,55.0,297.0
337,56.0,297.0
338,57.0,297.0
339,58.0,297.0
340,61.0,297.0
341,281.0,297.0
342,282.0,297.0
343,283.0,297.0
344,284.0,297.0
345,285.0,297.0
346,286.0,297.0
347,50.0,296.0
348,51.0,296.0
349,52.0,296.0
350,53.0,296.0
351,54.0,296.0
352,55.0,296.0
353,56.0,296.0
354,57.0,296.0
355,58.0,296.0
356,278.0,296.0
357,281.0,296.0
358,282.0,296.0
359,283.0,296.0
360,284.0,296.0
361,285.0,296.0
362,286.0,296.0
363,447.0,296.0
364,47.0,295.0
365,48.0,295.0
366,49.0,295.0
367,50.0,295.0
368,51.0,295.0
369,52.0,295.0
370,53.0,295.0
371,54.0,295.0
372,55.0,295.0
373,56.0,295.0
374,57.0,295.0
375,58.0,295.0
376,59.0,295.0
377,278.0,295.0
378,279.0,295.0
379,280.0,295.0
380,284.0,295.0
381,285.0,295.0
382,446.0,295.0
383,447.0,295.0
384,46.0,294.0
385,47.0,294.0
386,48.0,294.0
387,49.0,294.0
388,50.0,294.0
389,51.0,294.0
390,52.0,294.0
391,53.0,294.0
392,54.0,294.0
393,55.0,294.0
394,56.0,294.0
395,57.0,294.0
396,58.0,294.0
397,59.0,294.0
398,65.0,294.0
399,280.0,294.0
400,281.0,294.0
401,282.0,294.0
402,284.0,294.0
403,285.0,294.0
404,46.0,293.0
405,47.0,293.0
406,48.0,293.0
407,49.0,293.0
408,50.0,293.0
409,51.0,293.0
410,52.0,293.0
411,53.0,293.0
412,54.0,293.0
413,55.0,293.0
414,56.0,293.0
415,57.0,293.0
416,58.0,293.0
417,59.0,293.0
418,60.0,293.0
419,263.0,293.0
420,277.0,293.0
421,279.0,293.0
422,282.0,293.0
423,283.0,293.0
424,286.0,293.0
425,47.0,292.0
426,48.0,292.0
427,49.0,292.0
428,50.0,292.0
429,51.0,292.0
430,52.0,292.0
431,53.0,292.0
432,54.0,292.0
433,55.0,292.0
434,56.0,292.0
435,57.0,292.0
436,58.0,292.0
437,59.0,292.0
438,60.0,292.0
439,61.0,292.0
440,86.0,292.0
441,282.0,292.0
442,286.0,292.0
443,39.0,291.0
444,40.0,291.0
445,42.0,291.0
446,43.0,291.0
447,45.0,291.0
448,46.0,291.0
449,47.0,291.0
450,48.0,291.0
451,49.0,291.0
452,50.0,291.0
453,51.0,291.0
454,52.0,291.0
455,53.0,291.0
456,54.0,291.0
457,55.0,291.0
458,56.0,291.0
459,57.0,291.0
460,58.0,291.0
461,87.0,291.0
462,40.0,290.0
463,43.0,290.0
464,45.0,290.0
465,46.0,290.0
466,47.0,290.0
467,48.0,290.0
468,49.0,290.0
469,50.0,290.0
470,51.0,290.0
471,52.0,290.0
472,295.0,290.0
473,45.0,289.0
474,46.0,289.0
475,47.0,289.0
476,48.0,289.0
477,49.0,289.0
478,50.0,289.0
479,277.0,289.0
480,278.0,289.0
481,46.0,288.0
482,47.0,288.0
483,48.0,288.0
484,314.0,288.0
485,315.0,288.0
486,471.0,288.0
487,69.0,287.0
488,70.0,287.0
489,71.0,287.0
490,311.0,287.0
491,312.0,287.0
492,315.0,287.0
493,69.0,286.0
494,70.0,286.0
495,310.0,286.0
496,311.0,286.0
497,312.0,286.0
498,313.0,286.0
499,314.0,286.0
500,315.0,286.0
501,69.0,285.0
502,310.0,285.0
503,313.0,285.0
504,314.0,285.0
505,315.0,285.0
506,373.0,281.0
507,497.0,278.0
508,48.0,275.0
509,37.0,271.0
510,412.0,271.0
511,37.0,270.0
512,38.0,270.0
513,58.0,270.0
514,51.0,264.0
515,52.0,264.0
516,280.0,264.0
517,466.0,264.0
518,176.0,261.0
519,173.0,260.0
520,174.0,260.0
521,175.0,260.0
522,171.0,259.0
523,172.0,259.0
524,173.0,259.0
525,175.0,259.0
526,172.0,258.0
527,173.0,258.0
528,485.0,257.0
529,483.0,256.0
530,484.0,256.0
531,485.0,256.0
532,483.0,255.0
533,484.0,255.0
534,487.0,255.0
535,488.0,255.0
536,484.0,254.0
537,487.0,254.0
538,488.0,254.0
539,273.0,253.0
540,483.0,253.0
541,488.0,253.0
542,489.0,253.0
543,441.0,252.0
544,487.0,252.0
545,488.0,252.0
546,489.0,252.0
547,441.0,251.0
548,442.0,251.0
549,487.0,251.0
550,488.0,251.0
551,489.0,251.0
552,102.0,249.0
553,205.0,249.0
554,488.0,249.0
555,489.0,249.0
556,101.0,248.0
557,205.0,248.0
558,138.0,246.0
559,138.0,245.0
560,137.0,244.0
561,138.0,244.0
562,66.0,233.0
563,67.0,233.0
564,275.0,233.0
565,276.0,233.0
566,277.0,233.0
567,278.0,233.0
568,279.0,233.0
569,66.0,232.0
570,67.0,232.0
571,68.0,232.0
572,276.0,232.0
573,277.0,232.0
574,278.0,232.0
575,67.0,231.0
576,68.0,231.0
577,277.0,231.0
578,278.0,231.0
579,68.0,230.0
580,71.0,230.0
581,276.0,230.0
582,277.0,230.0
583,278.0,230.0
584,279.0,230.0
585,280.0,230.0
586,67.0,229.0
587,71.0,229.0
588,276.0,229.0
589,277.0,229.0
590,278.0,229.0
591,279.0,229.0
592,280.0,229.0
593,277.0,228.0
594,278.0,228.0
595,279.0,228.0
596,444.0,228.0
597,277.0,227.0
598,278.0,227.0
599,443.0,227.0
600,444.0,227.0
601,412.0,223.0
602,414.0,223.0
603,422.0,223.0
604,423.0,223.0
605,424.0,223.0
606,412.0,222.0
607,413.0,222.0
608,414.0,222.0
609,423.0,222.0
610,424.0,222.0
611,425.0,222.0
612,412.0,221.0
613,413.0,221.0
614,414.0,221.0
615,415.0,221.0
616,424.0,221.0
617,425.0,221.0
618,426.0,221.0
619,427.0,221.0
620,255.0,220.0
621,410.0,220.0
622,412.0,220.0
623,413.0,220.0
624,426.0,220.0
625,427.0,220.0
626,412.0,219.0
627,413.0,219.0
628,255.0,218.0
629,261.0,218.0
630,419.0,217.0
631,256.0,216.0
632,255.0,215.0
633,256.0,215.0
634,420.0,215.0
635,249.0,214.0
636,417.0,214.0
637,420.0,214.0
638,96.0,213.0
639,97.0,213.0
640,98.0,213.0
641,99.0,213.0
642,250.0,213.0
643,415.0,213.0
644,417.0,213.0
645,418.0,213.0
646,419.0,213.0
647,422.0,213.0
648,423.0,213.0
649,424.0,213.0
650,425.0,213.0
651,95.0,212.0
652,96.0,212.0
653,97.0,212.0
654,98.0,212.0
655,99.0,212.0
656,100.0,212.0
657,109.0,212.0
658,247.0,212.0
659,248.0,212.0
660,249.0,212.0
661,251.0,212.0
662,416.0,212.0
663,417.0,212.0
664,418.0,212.0
665,419.0,212.0
666,420.0,212.0
667,421.0,212.0
668,422.0,212.0
669,423.0,212.0
670,424.0,212.0
671,425.0,212.0
672,426.0,212.0
673,92.0,211.0
674,94.0,211.0
675,96.0,211.0
676,97.0,211.0
677,98.0,211.0
678,99.0,211.0
679,100.0,211.0
680,101.0,211.0
681,247.0,211.0
682,248.0,211.0
683,249.0,211.0
684,258.0,211.0
685,261.0,211.0
686,412.0,211.0
687,413.0,211.0
688,416.0,211.0
689,417.0,211.0
690,418.0,211.0
691,419.0,211.0
692,420.0,211.0
693,421.0,211.0
694,422.0,211.0
695,423.0,211.0
696,424.0,211.0
697,425.0,211.0
698,426.0,211.0
699,92.0,210.0
700,93.0,210.0
701,94.0,210.0
702,95.0,210.0
703,96.0,210.0
704,97.0,210.0
705,99.0,210.0
706,100.0,210.0
707,101.0,210.0
708,247.0,210.0
709,248.0,210.0
710,249.0,210.0
711,250.0,210.0
712,251.0,210.0
713,258.0,210.0
714,411.0,210.0
715,412.0,210.0
716,413.0,210.0
717,415.0,210.0
718,416.0,210.0
719,417.0,210.0
720,418.0,210.0
721,419.0,210.0
722,420.0,210.0
723,421.0,210.0
724,422.0,210.0
725,423.0,210.0
726,424.0,210.0
727,425.0,210.0
728,426.0,210.0
729,440.0,210.0
730,441.0,210.0
731,482.0,210.0
732,93.0,209.0
733,94.0,209.0
734,95.0,209.0
735,96.0,209.0
736,97.0,209.0
737,98.0,209.0
738,99.0,209.0
739,100.0,209.0
740,101.0,209.0
741,248.0,209.0
742,250.0,209.0
743,251.0,209.0
744,411.0,209.0
745,412.0,209.0
746,415.0,209.0
747,416.0,209.0
748,417.0,209.0
749,418.0,209.0
750,419.0,209.0
751,420.0,209.0
752,421.0,209.0
753,422.0,209.0
754,423.0,209.0
755,424.0,209.0
756,425.0,209.0
757,426.0,209.0
758,428.0,209.0
759,432.0,209.0
760,440.0,209.0
761,441.0,209.0
762,480.0,209.0
763,481.0,209.0
764,482.0,209.0
765,94.0,208.0
766,95.0,208.0
767,96.0,208.0
768,97.0,208.0
769,98.0,208.0
770,99.0,208.0
771,100.0,208.0
772,101.0,208.0
773,249.0,208.0
774,250.0,208.0
775,414.0,208.0
776,415.0,208.0
777,416.0,208.0
778,417.0,208.0
779,418.0,208.0
780,419.0,208.0
781,420.0,208.0
782,421.0,208.0
783,422.0,208.0
784,423.0,208.0
785,424.0,208.0
786,425.0,208.0
787,426.0,208.0
788,428.0,208.0
789,429.0,208.0
790,440.0,208.0
791,441.0,208.0
792,480.0,208.0
793,481.0,208.0
794,482.0,208.0
795,483.0,208.0
796,484.0,208.0
797,485.0,208.0
798,95.0,207.0
799,97.0,207.0
800,98.0,207.0
801,99.0,207.0
802,100.0,207.0
803,101.0,207.0
804,105.0,207.0
805,247.0,207.0
806,248.0,207.0
807,249.0,207.0
808,406.0,207.0
809,410.0,207.0
810,414.0,207.0
811,415.0,207.0
812,416.0,207.0
813,417.0,207.0
814,418.0,207.0
815,419.0,207.0
816,420.0,207.0
817,421.0,207.0
818,422.0,207.0
819,423.0,207.0
820,424.0,207.0
821,425.0,207.0
822,426.0,207.0
823,427.0,207.0
824,428.0,207.0
825,429.0,207.0
826,440.0,207.0
827,441.0,207.0
828,481.0,207.0
829,482.0,207.0
830,483.0,207.0
831,485.0,207.0
832,486.0,207.0
833,487.0,207.0
834,92.0,206.0
835,95.0,206.0
836,98.0,206.0
837,99.0,206.0
838,100.0,206.0
839,101.0,206.0
840,105.0,206.0
841,106.0,206.0
842,107.0,206.0
843,406.0,206.0
844,414.0,206.0
845,415.0,206.0
846,416.0,206.0
847,418.0,206.0
848,419.0,206.0
849,420.0,206.0
850,421.0,206.0
851,422.0,206.0
852,423.0,206.0
853,424.0,206.0
854,425.0,206.0
855,426.0,206.0
856,428.0,206.0
857,442.0,206.0
858,478.0,206.0
859,479.0,206.0
860,482.0,206.0
861,483.0,206.0
862,484.0,206.0
863,485.0,206.0
864,486.0,206.0
865,404.0,205.0
866,406.0,205.0
867,417.0,205.0
868,418.0,205.0
869,420.0,205.0
870,421.0,205.0
871,422.0,205.0
872,423.0,205.0
873,424.0,205.0
874,425.0,205.0
875,426.0,205.0
876,427.0,205.0
877,443.0,205.0
878,444.0,205.0
879,479.0,205.0
880,482.0,205.0
881,483.0,205.0
882,484.0,205.0
883,485.0,205.0
884,486.0,205.0
885,487.0,205.0
886,111.0,204.0
887,404.0,204.0
888,416.0,204.0
889,417.0,204.0
890,420.0,204.0
891,421.0,204.0
892,422.0,204.0
893,423.0,204.0
894,424.0,204.0
895,425.0,204.0
896,426.0,204.0
897,428.0,204.0
898,429.0,204.0
899,455.0,204.0
900,482.0,204.0
901,483.0,204.0
902,484.0,204.0
903,485.0,204.0
904,486.0,204.0
905,487.0,204.0
906,398.0,203.0
907,416.0,203.0
908,421.0,203.0
909,422.0,203.0
910,423.0,203.0
911,424.0,203.0
912,427.0,203.0
913,428.0,203.0
914,429.0,203.0
915,412.0,202.0
916,413.0,202.0
917,414.0,202.0
918,415.0,202.0
919,416.0,202.0
920,424.0,202.0
921,426.0,202.0
922,427.0,202.0
923,412.0,201.0
924,413.0,201.0
925,414.0,201.0
926,415.0,201.0
927,416.0,201.0
928,425.0,201.0
929,426.0,201.0
930,413.0,200.0
931,414.0,200.0
932,405.0,199.0
933,416.0,199.0
934,427.0,199.0
935,415.0,198.0
936,416.0,198.0
937,428.0,198.0
938,429.0,198.0
939,411.0,197.0
940,412.0,197.0
941,415.0,197.0
942,428.0,197.0
943,429.0,197.0
944,491.0,197.0
945,415.0,196.0
946,429.0,196.0
947,489.0,195.0
948,408.0,194.0
949,411.0,194.0
950,412.0,194.0
951,489.0,194.0
952,72.0,193.0
953,408.0,193.0
954,410.0,193.0
955,411.0,193.0
956,412.0,193.0
957,413.0,193.0
958,148.0,192.0
959,244.0,192.0
960,409.0,192.0
961,410.0,192.0
962,411.0,192.0
963,412.0,192.0
964,413.0,192.0
965,120.0,190.0
966,120.0,189.0
967,121.0,189.0
968,122.0,189.0
969,120.0,188.0
970,121.0,188.0
971,118.0,187.0
972,119.0,187.0
973,120.0,187.0
974,121.0,187.0
975,118.0,186.0
976,119.0,186.0
977,120.0,186.0
978,121.0,186.0
979,194.0,186.0
980,197.0,186.0
981,198.0,186.0
982,77.0,185.0
983,78.0,185.0
984,79.0,185.0
985,92.0,185.0
986,93.0,185.0
987,118.0,185.0
988,119.0,185.0
989,120.0,185.0
990,121.0,185.0
991,197.0,185.0
992,198.0,185.0
993,353.0,185.0
994,79.0,184.0
995,80.0,184.0
996,118.0,184.0
997,119.0,184.0
998,120.0,184.0
999,121.0,184.0
1000,122.0,184.0
1001,122.0,183.0
1002,122.0,182.0
1003,123.0,182.0
1004,124.0,182.0
1005,123.0,181.0
1006,124.0,181.0
1007,266.0,181.0
1008,325.0,180.0
1009,83.0,179.0
1010,167.0,179.0
1011,322.0,179.0
1012,325.0,179.0
1013,326.0,179.0
1014,416.0,179.0
1015,442.0,179.0
1016,84.0,178.0
1017,85.0,178.0
1018,86.0,178.0
1019,167.0,178.0
1020,322.0,178.0
1021,323.0,178.0
1022,442.0,178.0
1023,443.0,178.0
1024,76.0,177.0
1025,77.0,177.0
1026,240.0,177.0
1027,442.0,177.0
1028,443.0,177.0
1029,61.0,176.0
1030,62.0,176.0
1031,240.0,176.0
1032,238.0,175.0
1033,239.0,175.0
1034,240.0,175.0
1035,418.0,175.0
1036,70.0,174.0
1037,238.0,174.0
1038,239.0,174.0
1039,240.0,174.0
1040,264.0,174.0
1041,70.0,173.0
1042,71.0,173.0
1043,73.0,173.0
1044,74.0,173.0
1045,264.0,173.0
1046,271.0,173.0
1047,272.0,173.0
1048,476.0,173.0
1049,70.0,172.0
1050,264.0,172.0
1051,476.0,172.0
1052,478.0,172.0
1053,207.0,167.0
1054,219.0,167.0
1055,220.0,167.0
1056,193.0,165.0
1057,194.0,165.0
1058,195.0,165.0
1059,220.0,165.0
1060,193.0,164.0
1061,194.0,164.0
1062,195.0,164.0
1063,202.0,163.0
1064,203.0,163.0
1065,185.0,162.0
1066,202.0,162.0
1067,203.0,162.0
1068,206.0,162.0
1069,185.0,161.0
1070,205.0,161.0
1071,185.0,160.0
1072,194.0,160.0
1073,197.0,160.0
1074,184.0,159.0
1075,185.0,159.0
1076,196.0,159.0
1077,197.0,159.0
1078,208.0,159.0
1079,186.0,158.0
1080,190.0,158.0
1081,195.0,158.0
1082,196.0,158.0
1083,415.0,158.0
1084,187.0,157.0
1085,188.0,157.0
1086,189.0,157.0
1087,194.0,157.0
1088,195.0,157.0
1089,196.0,157.0
1090,197.0,157.0
1091,414.0,157.0
1092,415.0,157.0
1093,417.0,157.0
1094,185.0,156.0
1095,187.0,156.0
1096,188.0,156.0
1097,189.0,156.0
1098,190.0,156.0
1099,191.0,156.0
1100,192.0,156.0
1101,193.0,156.0
1102,194.0,156.0
1103,195.0,156.0
1104,196.0,156.0
1105,197.0,156.0
1106,198.0,156.0
1107,414.0,156.0
1108,415.0,156.0
1109,416.0,156.0
1110,417.0,156.0
1111,184.0,155.0
1112,185.0,155.0
1113,186.0,155.0
1114,187.0,155.0
1115,188.0,155.0
1116,189.0,155.0
1117,190.0,155.0
1118,191.0,155.0
1119,194.0,155.0
1120,195.0,155.0
1121,196.0,155.0
1122,238.0,155.0
1123,239.0,155.0
1124,322.0,155.0
1125,323.0,155.0
1126,394.0,155.0
1127,395.0,155.0
1128,414.0,155.0
1129,415.0,155.0
1130,416.0,155.0
1131,185.0,154.0
1132,186.0,154.0
1133,187.0,154.0
1134,188.0,154.0
1135,189.0,154.0
1136,190.0,154.0
1137,191.0,154.0
1138,192.0,154.0
1139,195.0,154.0
1140,196.0,154.0
1141,238.0,154.0
1142,394.0,154.0
1143,180.0,153.0
1144,185.0,153.0
1145,186.0,153.0
1146,187.0,153.0
1147,188.0,153.0
1148,189.0,153.0
1149,190.0,153.0
1150,191.0,153.0
1151,192.0,153.0
1152,193.0,153.0
1153,195.0,153.0
1154,196.0,153.0
1155,238.0,153.0
1156,356.0,153.0
1157,395.0,153.0
1158,396.0,153.0
1159,182.0,152.0
1160,183.0,152.0
1161,184.0,152.0
1162,185.0,152.0
1163,186.0,152.0
1164,187.0,152.0
1165,188.0,152.0
1166,189.0,152.0
1167,190.0,152.0
1168,191.0,152.0
1169,192.0,152.0
1170,193.0,152.0
1171,195.0,152.0
1172,178.0,151.0
1173,179.0,151.0
1174,180.0,151.0
1175,181.0,151.0
1176,182.0,151.0
1177,183.0,151.0
1178,184.0,151.0
1179,185.0,151.0
1180,186.0,151.0
1181,187.0,151.0
1182,188.0,151.0
1183,189.0,151.0
1184,190.0,151.0
1185,191.0,151.0
1186,192.0,151.0
1187,177.0,150.0
1188,178.0,150.0
1189,181.0,150.0
1190,182.0,150.0
1191,183.0,150.0
1192,184.0,150.0
1193,185.0,150.0
1194,186.0,150.0
1195,187.0,150.0
1196,188.0,150.0
1197,189.0,150.0
1198,190.0,150.0
1199,191.0,150.0
1200,192.0,150.0
1201,382.0,150.0
1202,176.0,149.0
1203,177.0,149.0
1204,180.0,149.0
1205,181.0,149.0
1206,182.0,149.0
1207,183.0,149.0
1208,184.0,149.0
1209,185.0,149.0
1210,186.0,149.0
1211,189.0,149.0
1212,190.0,149.0
1213,191.0,149.0
1214,192.0,149.0
1215,184.0,148.0
1216,188.0,148.0
1217,189.0,148.0
1218,187.0,147.0
1219,188.0,147.0
1220,189.0,147.0
1221,353.0,147.0
1222,180.0,146.0
1223,183.0,146.0
1224,186.0,146.0
1225,187.0,146.0
1226,188.0,146.0
1227,189.0,146.0
1228,197.0,146.0
1229,355.0,146.0
1230,180.0,145.0
1231,181.0,145.0
1232,186.0,145.0
1233,187.0,145.0
1234,188.0,145.0
1235,197.0,145.0
1236,198.0,145.0
1237,180.0,144.0
1238,496.0,142.0
1239,204.0,141.0
1240,205.0,141.0
1241,272.0,137.0
1242,410.0,137.0
1243,215.0,136.0
1244,273.0,136.0
1245,409.0,136.0
1246,410.0,136.0
1247,237.0,135.0
1248,273.0,135.0
1249,239.0,134.0
1250,240.0,134.0
1251,272.0,134.0
1252,273.0,134.0
1253,274.0,134.0
1254,210.0,133.0
1255,212.0,133.0
1256,239.0,133.0
1257,241.0,133.0
1258,269.0,133.0
1259,270.0,133.0
1260,274.0,133.0
1261,275.0,133.0
1262,239.0,132.0
1263,267.0,132.0
1264,268.0,132.0
1265,269.0,132.0
1266,270.0,132.0
1267,271.0,132.0
1268,275.0,132.0
1269,236.0,131.0
1270,237.0,131.0
1271,264.0,131.0
1272,267.0,131.0
1273,268.0,131.0
1274,269.0,131.0
1275,270.0,131.0
1276,271.0,131.0
1277,272.0,131.0
1278,454.0,131.0
1279,455.0,131.0
1280,456.0,131.0
1281,264.0,130.0
1282,265.0,130.0
1283,266.0,130.0
1284,267.0,130.0
1285,268.0,130.0
1286,269.0,130.0
1287,270.0,130.0
1288,271.0,130.0
1289,272.0,130.0
1290,273.0,130.0
1291,275.0,130.0
1292,276.0,130.0
1293,453.0,130.0
1294,454.0,130.0
1295,455.0,130.0
1296,267.0,129.0
1297,268.0,129.0
1298,269.0,129.0
1299,270.0,129.0
1300,271.0,129.0
1301,272.0,129.0
1302,273.0,129.0
1303,274.0,129.0
1304,275.0,129.0
1305,276.0,129.0
1306,277.0,129.0
1307,278.0,129.0
1308,454.0,129.0
1309,455.0,129.0
1310,267.0,128.0
1311,268.0,128.0
1312,269.0,128.0
1313,270.0,128.0
1314,271.0,128.0
1315,272.0,128.0
1316,273.0,128.0
1317,274.0,128.0
1318,277.0,128.0
1319,278.0,128.0
1320,453.0,128.0
1321,454.0,128.0
1322,455.0,128.0
1323,456.0,128.0
1324,457.0,128.0
1325,458.0,128.0
1326,459.0,128.0
1327,267.0,127.0
1328,268.0,127.0
1329,269.0,127.0
1330,270.0,127.0
1331,271.0,127.0
1332,272.0,127.0
1333,273.0,127.0
1334,364.0,127.0
1335,453.0,127.0
1336,454.0,127.0
1337,455.0,127.0
1338,456.0,127.0
1339,458.0,127.0
1340,268.0,126.0
1341,269.0,126.0
1342,270.0,126.0
1343,271.0,126.0
1344,272.0,126.0
1345,273.0,126.0
1346,275.0,126.0
1347,276.0,126.0
1348,452.0,126.0
1349,453.0,126.0
1350,454.0,126.0
1351,455.0,126.0
1352,456.0,126.0
1353,268.0,125.0
1354,269.0,125.0
1355,270.0,125.0
1356,452.0,125.0
1357,453.0,125.0
1358,454.0,125.0
1359,455.0,125.0
1360,216.0,124.0
1361,262.0,124.0
1362,362.0,124.0
1363,261.0,123.0
1364,262.0,123.0
1365,283.0,123.0
1366,362.0,123.0
1367,360.0,122.0
1368,361.0,122.0
1369,362.0,122.0
1370,222.0,121.0
1371,223.0,121.0
1372,359.0,121.0
1373,360.0,121.0
1374,223.0,120.0
1375,226.0,118.0
1376,227.0,118.0
1377,225.0,117.0
1378,226.0,117.0
1379,227.0,117.0
1380,228.0,117.0
1381,229.0,117.0
1382,227.0,116.0
1383,228.0,116.0
1384,229.0,116.0
1385,226.0,115.0
1386,227.0,115.0
1387,417.0,115.0
1388,226.0,114.0
1389,243.0,114.0
1390,244.0,114.0
1391,244.0,113.0
1392,244.0,112.0
1393,323.0,110.0
1394,250.0,109.0
1395,251.0,109.0
1396,249.0,108.0
1397,250.0,108.0
1398,251.0,108.0
1399,252.0,108.0
1400,253.0,108.0
1401,252.0,107.0
1402,253.0,107.0
1403,304.0,105.0
1404,266.0,103.0
1405,267.0,103.0
1406,264.0,102.0
1407,266.0,102.0
1408,267.0,102.0
1409,265.0,101.0
1410,266.0,101.0
1411,420.0,101.0
1412,218.0,100.0
1413,219.0,100.0
1414,218.0,99.0
1415,219.0,99.0
1416,220.0,99.0
1417,221.0,99.0
1418,218.0,98.0
1419,219.0,98.0
1420,220.0,98.0
1421,221.0,98.0
1422,222.0,98.0
1423,218.0,97.0
1424,219.0,97.0
1425,220.0,97.0
1426,221.0,97.0
1427,222.0,97.0
1428,222.0,96.0
1429,499.0,96.0
1430,320.0,95.0
1431,332.0,94.0
1432,364.0,94.0
1433,364.0,93.0
1434,478.0,89.0
1435,479.0,89.0
1436,480.0,89.0
1437,348.0,88.0
1438,479.0,88.0
1439,480.0,88.0
1440,480.0,87.0
1441,402.0,85.0
1442,401.0,84.0
1443,326.0,83.0
1444,400.0,83.0
1445,401.0,83.0
1446,402.0,83.0
1447,403.0,83.0
1448,337.0,81.0
1449,355.0,79.0
1450,356.0,79.0
1451,357.0,79.0
1452,324.0,78.0
1453,355.0,78.0
1454,356.0,78.0
1455,357.0,78.0
1456,240.0,77.0
1457,305.0,77.0
1458,359.0,77.0
1459,305.0,76.0
1460,360.0,76.0
1461,436.0,75.0
1462,445.0,75.0
1463,373.0,74.0
1464,436.0,74.0
1465,438.0,74.0
1466,439.0,74.0
1467,363.0,73.0
1468,373.0,73.0
1469,388.0,73.0
1470,389.0,73.0
1471,436.0,73.0
1472,438.0,73.0
1473,472.0,73.0
1474,212.0,72.0
1475,389.0,72.0
1476,211.0,71.0
1477,212.0,71.0
1478,213.0,71.0
1479,294.0,71.0
1480,295.0,71.0
1481,389.0,71.0
1482,473.0,71.0
1483,211.0,70.0
1484,212.0,70.0
1485,213.0,70.0
1486,415.0,70.0
1487,415.0,69.0
1488,452.0,69.0
1489,451.0,68.0
1490,452.0,68.0
1491,300.0,67.0
1492,451.0,67.0
1493,452.0,67.0
1494,476.0,67.0
1495,477.0,67.0
1496,299.0,66.0
1497,300.0,66.0
1498,475.0,66.0
1499,476.0,66.0
1500,477.0,66.0
1501,478.0,66.0
1502,299.0,65.0
1503,300.0,65.0
1504,477.0,65.0
1505,300.0,64.0
1506,376.0,64.0
1507,415.0,64.0
1508,477.0,64.0
1509,478.0,64.0
1510,479.0,64.0
1511,367.0,63.0
1512,375.0,63.0
1513,376.0,63.0
1514,377.0,63.0
1515,415.0,63.0
1516,478.0,63.0
1517,309.0,62.0
1518,367.0,62.0
1519,375.0,62.0
1520,376.0,62.0
1521,377.0,62.0
1522,415.0,62.0
1523,476.0,62.0
1524,477.0,62.0
1525,478.0,62.0
1526,479.0,62.0
1527,309.0,61.0
1528,311.0,61.0
1529,312.0,61.0
1530,386.0,61.0
1531,476.0,61.0
1532,477.0,61.0
1533,478.0,61.0
1534,479.0,61.0
1535,480.0,61.0
1536,309.0,60.0
1537,311.0,60.0
1538,312.0,60.0
1539,476.0,60.0
1540,477.0,60.0
1541,478.0,60.0
1542,479.0,60.0
1543,480.0,60.0
1544,311.0,59.0
1545,312.0,59.0
1546,346.0,59.0
1547,347.0,59.0
1548,447.0,59.0
1549,448.0,59.0
1550,476.0,59.0
1551,477.0,59.0
1552,478.0,59.0
1553,479.0,59.0
1554,480.0,59.0
1555,312.0,58.0
1556,347.0,58.0
1557,348.0,58.0
1558,349.0,58.0
1559,350.0,58.0
1560,447.0,58.0
1561,448.0,58.0
1562,475.0,58.0
1563,476.0,58.0
1564,477.0,58.0
1565,478.0,58.0
1566,479.0,58.0
1567,344.0,57.0
1568,345.0,57.0
1569,346.0,57.0
1570,347.0,57.0
1571,348.0,57.0
1572,349.0,57.0
1573,350.0,57.0
1574,351.0,57.0
1575,476.0,57.0
1576,477.0,57.0
1577,478.0,57.0
1578,341.0,56.0
1579,342.0,56.0
1580,343.0,56.0
1581,344.0,56.0
1582,345.0,56.0
1583,346.0,56.0
1584,347.0,56.0
1585,348.0,56.0
1586,350.0,56.0
1587,351.0,56.0
1588,352.0,56.0
1589,394.0,56.0
1590,295.0,55.0
1591,296.0,55.0
1592,297.0,55.0
1593,298.0,55.0
1594,313.0,55.0
1595,341.0,55.0
1596,342.0,55.0
1597,343.0,55.0
1598,344.0,55.0
1599,345.0,55.0
1600,346.0,55.0
1601,347.0,55.0
1602,348.0,55.0
1603,349.0,55.0
1604,350.0,55.0
1605,351.0,55.0
1606,352.0,55.0
1607,353.0,55.0
1608,354.0,55.0
1609,355.0,55.0
1610,356.0,55.0
1611,357.0,55.0
1612,358.0,55.0
1613,359.0,55.0
1614,361.0,55.0
1615,418.0,55.0
1616,296.0,54.0
1617,297.0,54.0
1618,298.0,54.0
1619,313.0,54.0
1620,314.0,54.0
1621,315.0,54.0
1622,318.0,54.0
1623,326.0,54.0
1624,327.0,54.0
1625,341.0,54.0
1626,342.0,54.0
1627,343.0,54.0
1628,344.0,54.0
1629,345.0,54.0
1630,346.0,54.0
1631,347.0,54.0
1632,348.0,54.0
1633,349.0,54.0
1634,350.0,54.0
1635,351.0,54.0
1636,352.0,54.0
1637,353.0,54.0
1638,354.0,54.0
1639,355.0,54.0
1640,356.0,54.0
1641,357.0,54.0
1642,358.0,54.0
1643,359.0,54.0
1644,360.0,54.0
1645,361.0,54.0
1646,402.0,54.0
1647,403.0,54.0
1648,296.0,53.0
1649,297.0,53.0
1650,298.0,53.0
1651,313.0,53.0
1652,314.0,53.0
1653,315.0,53.0
1654,316.0,53.0
1655,317.0,53.0
1656,318.0,53.0
1657,319.0,53.0
1658,326.0,53.0
1659,327.0,53.0
1660,328.0,53.0
1661,339.0,53.0
1662,340.0,53.0
1663,341.0,53.0
1664,342.0,53.0
1665,343.0,53.0
1666,344.0,53.0
1667,345.0,53.0
1668,346.0,53.0
1669,347.0,53.0
1670,348.0,53.0
1671,349.0,53.0
1672,350.0,53.0
1673,351.0,53.0
1674,352.0,53.0
1675,353.0,53.0
1676,354.0,53.0
1677,355.0,53.0
1678,356.0,53.0
1679,357.0,53.0
1680,358.0,53.0
1681,359.0,53.0
1682,360.0,53.0
1683,403.0,53.0
1684,309.0,52.0
1685,312.0,52.0
1686,313.0,52.0
1687,314.0,52.0
1688,315.0,52.0
1689,316.0,52.0
1690,317.0,52.0
1691,318.0,52.0
1692,319.0,52.0
1693,320.0,52.0
1694,326.0,52.0
1695,327.0,52.0
1696,328.0,52.0
1697,331.0,52.0
1698,332.0,52.0
1699,337.0,52.0
1700,338.0,52.0
1701,339.0,52.0
1702,340.0,52.0
1703,341.0,52.0
1704,342.0,52.0
1705,343.0,52.0
1706,344.0,52.0
1707,345.0,52.0
1708,346.0,52.0
1709,347.0,52.0
1710,348.0,52.0
1711,349.0,52.0
1712,350.0,52.0
1713,351.0,52.0
1714,358.0,52.0
1715,359.0,52.0
1716,308.0,51.0
1717,309.0,51.0
1718,310.0,51.0
1719,311.0,51.0
1720,312.0,51.0
1721,313.0,51.0
1722,314.0,51.0
1723,315.0,51.0
1724,316.0,51.0
1725,317.0,51.0
1726,318.0,51.0
1727,319.0,51.0
1728,326.0,51.0
1729,327.0,51.0
1730,328.0,51.0
1731,331.0,51.0
1732,332.0,51.0
1733,333.0,51.0
1734,334.0,51.0
1735,336.0,51.0
1736,337.0,51.0
1737,338.0,51.0
1738,339.0,51.0
1739,340.0,51.0
1740,341.0,51.0
1741,342.0,51.0
1742,343.0,51.0
1743,344.0,51.0
1744,345.0,51.0
1745,346.0,51.0
1746,347.0,51.0
1747,308.0,50.0
1748,309.0,50.0
1749,310.0,50.0
1750,311.0,50.0
1751,312.0,50.0
1752,315.0,50.0
1753,316.0,50.0
1754,317.0,50.0
1755,318.0,50.0
1756,319.0,50.0
1757,327.0,50.0
1758,332.0,50.0
1759,333.0,50.0
1760,334.0,50.0
1761,335.0,50.0
1762,336.0,50.0
1763,337.0,50.0
1764,338.0,50.0
1765,339.0,50.0
1766,340.0,50.0
1767,341.0,50.0
1768,342.0,50.0
1769,343.0,50.0
1770,344.0,50.0
1771,345.0,50.0
1772,346.0,50.0
1773,302.0,49.0
1774,303.0,49.0
1775,307.0,49.0
1776,308.0,49.0
1777,309.0,49.0
1778,310.0,49.0
1779,311.0,49.0
1780,317.0,49.0
1781,318.0,49.0
1782,319.0,49.0
1783,320.0,49.0
1784,321.0,49.0
1785,322.0,49.0
1786,332.0,49.0
1787,333.0,49.0
1788,334.0,49.0
1789,335.0,49.0
1790,336.0,49.0
1791,337.0,49.0
1792,338.0,49.0
1793,339.0,49.0
1794,340.0,49.0
1795,341.0,49.0
1796,342.0,49.0
1797,343.0,49.0
1798,344.0,49.0
1799,345.0,49.0
1800,362.0,49.0
1801,363.0,49.0
1802,364.0,49.0
1803,428.0,49.0
1804,433.0,49.0
1805,434.0,49.0
1806,435.0,49.0
1807,450.0,49.0
1808,451.0,49.0
1809,307.0,48.0
1810,308.0,48.0
1811,309.0,48.0
1812,310.0,48.0
1813,320.0,48.0
1814,321.0,48.0
1815,322.0,48.0
1816,323.0,48.0
1817,330.0,48.0
1818,331.0,48.0
1819,332.0,48.0
1820,333.0,48.0
1821,334.0,48.0
1822,335.0,48.0
1823,336.0,48.0
1824,337.0,48.0
1825,338.0,48.0
1826,339.0,48.0
1827,340.0,48.0
1828,341.0,48.0
1829,342.0,48.0
1830,343.0,48.0
1831,344.0,48.0
1832,345.0,48.0
1833,362.0,48.0
1834,363.0,48.0
1835,364.0,48.0
1836,383.0,48.0
1837,384.0,48.0
1838,385.0,48.0
1839,427.0,48.0
1840,428.0,48.0
1841,432.0,48.0
1842,433.0,48.0
1843,434.0,48.0
1844,435.0,48.0
1845,436.0,48.0
1846,320.0,47.0
1847,321.0,47.0
1848,322.0,47.0
1849,323.0,47.0
1850,330.0,47.0
1851,331.0,47.0
1852,332.0,47.0
1853,333.0,47.0
1854,334.0,47.0
1855,335.0,47.0
1856,336.0,47.0
1857,337.0,47.0
1858,339.0,47.0
1859,340.0,47.0
1860,364.0,47.0
1861,365.0,47.0
1862,383.0,47.0
1863,384.0,47.0
1864,385.0,47.0
1865,427.0,47.0
1866,432.0,47.0
1867,433.0,47.0
1868,434.0,47.0
1869,435.0,47.0
1870,436.0,47.0
1871,437.0,47.0
1872,438.0,47.0
1873,319.0,46.0
1874,320.0,46.0
1875,321.0,46.0
1876,322.0,46.0
1877,323.0,46.0
1878,324.0,46.0
1879,325.0,46.0
1880,329.0,46.0
1881,330.0,46.0
1882,331.0,46.0
1883,332.0,46.0
1884,333.0,46.0
1885,334.0,46.0
1886,335.0,46.0
1887,336.0,46.0
1888,337.0,46.0
1889,338.0,46.0
1890,344.0,46.0
1891,345.0,46.0
1892,346.0,46.0
1893,364.0,46.0
1894,365.0,46.0
1895,366.0,46.0
1896,380.0,46.0
1897,382.0,46.0
1898,383.0,46.0
1899,384.0,46.0
1900,385.0,46.0
1901,427.0,46.0
1902,433.0,46.0
1903,434.0,46.0
1904,435.0,46.0
1905,436.0,46.0
1906,437.0,46.0
1907,438.0,46.0
1908,449.0,46.0
1909,322.0,45.0
1910,323.0,45.0
1911,324.0,45.0
1912,325.0,45.0
1913,327.0,45.0
1914,329.0,45.0
1915,330.0,45.0
1916,331.0,45.0
1917,332.0,45.0
1918,333.0,45.0
1919,334.0,45.0
1920,335.0,45.0
1921,336.0,45.0
1922,337.0,45.0
1923,344.0,45.0
1924,345.0,45.0
1925,346.0,45.0
1926,382.0,45.0
1927,383.0,45.0
1928,384.0,45.0
1929,396.0,45.0
1930,397.0,45.0
1931,428.0,45.0
1932,433.0,45.0
1933,434.0,45.0
1934,435.0,45.0
1935,436.0,45.0
1936,437.0,45.0
1937,438.0,45.0
1938,449.0,45.0
1939,323.0,44.0
1940,324.0,44.0
1941,325.0,44.0
1942,328.0,44.0
1943,329.0,44.0
1944,330.0,44.0
1945,331.0,44.0
1946,332.0,44.0
1947,333.0,44.0
1948,344.0,44.0
1949,345.0,44.0
1950,346.0,44.0
1951,394.0,44.0
1952,395.0,44.0
1953,396.0,44.0
1954,397.0,44.0
1955,398.0,44.0
1956,421.0,44.0
1957,422.0,44.0
1958,425.0,44.0
1959,426.0,44.0
1960,427.0,44.0
1961,428.0,44.0
1962,429.0,44.0
1963,432.0,44.0
1964,433.0,44.0
1965,434.0,44.0
1966,435.0,44.0
1967,436.0,44.0
1968,437.0,44.0
1969,438.0,44.0
1970,439.0,44.0
1971,441.0,44.0
1972,442.0,44.0
1973,324.0,43.0
1974,325.0,43.0
1975,328.0,43.0
1976,329.0,43.0
1977,330.0,43.0
1978,331.0,43.0
1979,332.0,43.0
1980,344.0,43.0
1981,345.0,43.0
1982,346.0,43.0
1983,394.0,43.0
1984,395.0,43.0
1985,396.0,43.0
1986,397.0,43.0
1987,398.0,43.0
1988,399.0,43.0
1989,420.0,43.0
1990,421.0,43.0
1991,422.0,43.0
1992,423.0,43.0
1993,425.0,43.0
1994,426.0,43.0
1995,427.0,43.0
1996,428.0,43.0
1997,429.0,43.0
1998,432.0,43.0
1999,433.0,43.0
2000,434.0,43.0
2001,435.0,43.0
2002,436.0,43.0
2003,437.0,43.0
2004,438.0,43.0
2005,439.0,43.0
2006,440.0,43.0
2007,441.0,43.0
2008,442.0,43.0
2009,327.0,42.0
2010,328.0,42.0
2011,329.0,42.0
2012,330.0,42.0
2013,343.0,42.0
2014,344.0,42.0
2015,345.0,42.0
2016,346.0,42.0
2017,420.0,42.0
2018,421.0,42.0
2019,422.0,42.0
2020,423.0,42.0
2021,424.0,42.0
2022,428.0,42.0
2023,431.0,42.0
2024,432.0,42.0
2025,433.0,42.0
2026,434.0,42.0
2027,435.0,42.0
2028,436.0,42.0
2029,437.0,42.0
2030,438.0,42.0
2031,439.0,42.0
2032,440.0,42.0
2033,441.0,42.0
2034,327.0,41.0
2035,328.0,41.0
2036,329.0,41.0
2037,342.0,41.0
2038,343.0,41.0
2039,344.0,41.0
2040,345.0,41.0
2041,346.0,41.0
2042,409.0,41.0
2043,410.0,41.0
2044,411.0,41.0
2045,412.0,41.0
2046,413.0,41.0
2047,414.0,41.0
2048,415.0,41.0
2049,416.0,41.0
2050,417.0,41.0
2051,420.0,41.0
2052,421.0,41.0
2053,422.0,41.0
2054,423.0,41.0
2055,424.0,41.0
2056,425.0,41.0
2057,426.0,41.0
2058,427.0,41.0
2059,428.0,41.0
2060,429.0,41.0
2061,431.0,41.0
2062,432.0,41.0
2063,433.0,41.0
2064,434.0,41.0
2065,435.0,41.0
2066,436.0,41.0
2067,437.0,41.0
2068,438.0,41.0
2069,439.0,41.0
2070,440.0,41.0
2071,442.0,41.0
2072,443.0,41.0
2073,341.0,40.0
2074,342.0,40.0
2075,343.0,40.0
2076,344.0,40.0
2077,345.0,40.0
2078,346.0,40.0
2079,410.0,40.0
2080,411.0,40.0
2081,412.0,40.0
2082,413.0,40.0
2083,414.0,40.0
2084,415.0,40.0
2085,416.0,40.0
2086,417.0,40.0
2087,418.0,40.0
2088,420.0,40.0
2089,421.0,40.0
2090,422.0,40.0
2091,423.0,40.0
2092,424.0,40.0
2093,425.0,40.0
2094,426.0,40.0
2095,427.0,40.0
2096,428.0,40.0
2097,429.0,40.0
2098,430.0,40.0
2099,431.0,40.0
2100,432.0,40.0
2101,433.0,40.0
2102,434.0,40.0
2103,435.0,40.0
2104,436.0,40.0
2105,437.0,40.0
2106,438.0,40.0
2107,439.0,40.0
2108,440.0,40.0
2109,441.0,40.0
2110,442.0,40.0
2111,342.0,39.0
2112,343.0,39.0
2113,344.0,39.0
2114,345.0,39.0
2115,411.0,39.0
2116,412.0,39.0
2117,413.0,39.0
2118,414.0,39.0
2119,415.0,39.0
2120,416.0,39.0
2121,417.0,39.0
2122,418.0,39.0
2123,419.0,39.0
2124,420.0,39.0
2125,421.0,39.0
2126,422.0,39.0
2127,423.0,39.0
2128,424.0,39.0
2129,425.0,39.0
2130,426.0,39.0
2131,427.0,39.0
2132,428.0,39.0
2133,429.0,39.0
2134,430.0,39.0
2135,431.0,39.0
2136,432.0,39.0
2137,433.0,39.0
2138,434.0,39.0
2139,435.0,39.0
2140,436.0,39.0
2141,437.0,39.0
2142,438.0,39.0
2143,439.0,39.0
2144,440.0,39.0
2145,441.0,39.0
2146,442.0,39.0
2147,343.0,38.0
2148,344.0,38.0
2149,346.0,38.0
2150,410.0,38.0
2151,415.0,38.0
2152,416.0,38.0
2153,417.0,38.0
2154,418.0,38.0
2155,419.0,38.0
2156,420.0,38.0
2157,421.0,38.0
2158,422.0,38.0
2159,423.0,38.0
2160,424.0,38.0
2161,425.0,38.0
2162,426.0,38.0
2163,427.0,38.0
2164,428.0,38.0
2165,429.0,38.0
2166,430.0,38.0
2167,431.0,38.0
2168,432.0,38.0
2169,433.0,38.0
2170,434.0,38.0
2171,435.0,38.0
2172,436.0,38.0
2173,437.0,38.0
2174,438.0,38.0
2175,439.0,38.0
2176,440.0,38.0
2177,441.0,38.0
2178,344.0,37.0
2179,411.0,37.0
2180,412.0,37.0
2181,416.0,37.0
2182,417.0,37.0
2183,418.0,37.0
2184,419.0,37.0
2185,420.0,37.0
2186,421.0,37.0
2187,422.0,37.0
2188,423.0,37.0
2189,424.0,37.0
2190,425.0,37.0
2191,426.0,37.0
2192,427.0,37.0
2193,428.0,37.0
2194,429.0,37.0
2195,430.0,37.0
2196,431.0,37.0
2197,432.0,37.0
2198,433.0,37.0
2199,434.0,37.0
2200,435.0,37.0
2201,436.0,37.0
2202,437.0,37.0
2203,438.0,37.0
2204,439.0,37.0
2205,440.0,37.0
2206,344.0,36.0
2207,345.0,36.0
2208,362.0,36.0
2209,411.0,36.0
2210,412.0,36.0
2211,413.0,36.0
2212,414.0,36.0
2213,416.0,36.0
2214,417.0,36.0
2215,418.0,36.0
2216,419.0,36.0
2217,420.0,36.0
2218,421.0,36.0
2219,422.0,36.0
2220,423.0,36.0
2221,424.0,36.0
2222,425.0,36.0
2223,426.0,36.0
2224,427.0,36.0
2225,428.0,36.0
2226,429.0,36.0
2227,430.0,36.0
2228,431.0,36.0
2229,432.0,36.0
2230,433.0,36.0
2231,434.0,36.0
2232,435.0,36.0
2233,436.0,36.0
2234,437.0,36.0
2235,438.0,36.0
2236,439.0,36.0
2237,497.0,36.0
2238,498.0,36.0
2239,345.0,35.0
2240,359.0,35.0
2241,411.0,35.0
2242,412.0,35.0
2243,413.0,35.0
2244,414.0,35.0
2245,415.0,35.0
2246,416.0,35.0
2247,417.0,35.0
2248,418.0,35.0
2249,419.0,35.0
2250,420.0,35.0
2251,421.0,35.0
2252,422.0,35.0
2253,423.0,35.0
2254,424.0,35.0
2255,425.0,35.0
2256,426.0,35.0
2257,427.0,35.0
2258,428.0,35.0
2259,429.0,35.0
2260,430.0,35.0
2261,431.0,35.0
2262,432.0,35.0
2263,433.0,35.0
2264,434.0,35.0
2265,435.0,35.0
2266,436.0,35.0
2267,440.0,35.0
2268,455.0,35.0
2269,409.0,34.0
2270,410.0,34.0
2271,411.0,34.0
2272,412.0,34.0
2273,413.0,34.0
2274,414.0,34.0
2275,415.0,34.0
2276,416.0,34.0
2277,417.0,34.0
2278,418.0,34.0
2279,419.0,34.0
2280,420.0,34.0
2281,421.0,34.0
2282,422.0,34.0
2283,423.0,34.0
2284,424.0,34.0
2285,425.0,34.0
2286,426.0,34.0
2287,427.0,34.0
2288,428.0,34.0
2289,429.0,34.0
2290,430.0,34.0
2291,431.0,34.0
2292,432.0,34.0
2293,433.0,34.0
2294,434.0,34.0
2295,435.0,34.0
2296,436.0,34.0
2297,439.0,34.0
2298,440.0,34.0
2299,441.0,34.0
2300,452.0,34.0
2301,453.0,34.0
2302,454.0,34.0
2303,455.0,34.0
2304,359.0,33.0
2305,360.0,33.0
2306,402.0,33.0
2307,403.0,33.0
2308,404.0,33.0
2309,408.0,33.0
2310,409.0,33.0
2311,410.0,33.0
2312,411.0,33.0
2313,412.0,33.0
2314,413.0,33.0
2315,414.0,33.0
2316,415.0,33.0
2317,416.0,33.0
2318,417.0,33.0
2319,418.0,33.0
2320,419.0,33.0
2321,420.0,33.0
2322,421.0,33.0
2323,422.0,33.0
2324,423.0,33.0
2325,424.0,33.0
2326,425.0,33.0
2327,426.0,33.0
2328,427.0,33.0
2329,428.0,33.0
2330,429.0,33.0
2331,430.0,33.0
2332,431.0,33.0
2333,432.0,33.0
2334,433.0,33.0
2335,434.0,33.0
2336,435.0,33.0
2337,436.0,33.0
2338,452.0,33.0
2339,453.0,33.0
2340,454.0,33.0
2341,455.0,33.0
2342,401.0,32.0
2343,402.0,32.0
2344,403.0,32.0
2345,404.0,32.0
2346,405.0,32.0
2347,406.0,32.0
2348,407.0,32.0
2349,408.0,32.0
2350,409.0,32.0
2351,410.0,32.0
2352,411.0,32.0
2353,412.0,32.0
2354,413.0,32.0
2355,414.0,32.0
2356,415.0,32.0
2357,416.0,32.0
2358,417.0,32.0
2359,418.0,32.0
2360,419.0,32.0
2361,420.0,32.0
2362,421.0,32.0
2363,422.0,32.0
2364,423.0,32.0
2365,424.0,32.0
2366,425.0,32.0
2367,426.0,32.0
2368,427.0,32.0
2369,428.0,32.0
2370,429.0,32.0
2371,430.0,32.0
2372,431.0,32.0
2373,432.0,32.0
2374,433.0,32.0
2375,434.0,32.0
2376,455.0,32.0
2377,401.0,31.0
2378,402.0,31.0
2379,403.0,31.0
2380,404.0,31.0
2381,405.0,31.0
2382,406.0,31.0
2383,407.0,31.0
2384,408.0,31.0
2385,409.0,31.0
2386,410.0,31.0
2387,411.0,31.0
2388,412.0,31.0
2389,413.0,31.0
2390,414.0,31.0
2391,415.0,31.0
2392,416.0,31.0
2393,417.0,31.0
2394,418.0,31.0
2395,419.0,31.0
2396,420.0,31.0
2397,421.0,31.0
2398,422.0,31.0
2399,423.0,31.0
2400,424.0,31.0
2401,425.0,31.0
2402,426.0,31.0
2403,427.0,31.0
2404,428.0,31.0
2405,429.0,31.0
2406,430.0,31.0
2407,431.0,31.0
2408,432.0,31.0
2409,433.0,31.0
2410,434.0,31.0
2411,345.0,30.0
2412,401.0,30.0
2413,402.0,30.0
2414,403.0,30.0
2415,404.0,30.0
2416,405.0,30.0
2417,406.0,30.0
2418,407.0,30.0
2419,408.0,30.0
2420,409.0,30.0
2421,411.0,30.0
2422,412.0,30.0
2423,413.0,30.0
2424,414.0,30.0
2425,415.0,30.0
2426,416.0,30.0
2427,417.0,30.0
2428,418.0,30.0
2429,419.0,30.0
2430,420.0,30.0
2431,421.0,30.0
2432,422.0,30.0
2433,423.0,30.0
2434,424.0,30.0
2435,425.0,30.0
2436,426.0,30.0
2437,427.0,30.0
2438,428.0,30.0
2439,429.0,30.0
2440,430.0,30.0
2441,431.0,30.0
2442,432.0,30.0
2443,433.0,30.0
2444,434.0,30.0
2445,437.0,30.0
2446,438.0,30.0
2447,439.0,30.0
2448,344.0,29.0
2449,345.0,29.0
2450,346.0,29.0
2451,399.0,29.0
2452,402.0,29.0
2453,406.0,29.0
2454,407.0,29.0
2455,408.0,29.0
2456,409.0,29.0
2457,410.0,29.0
2458,411.0,29.0
2459,412.0,29.0
2460,413.0,29.0
2461,414.0,29.0
2462,415.0,29.0
2463,416.0,29.0
2464,417.0,29.0
2465,418.0,29.0
2466,419.0,29.0
2467,420.0,29.0
2468,421.0,29.0
2469,422.0,29.0
2470,423.0,29.0
2471,424.0,29.0
2472,425.0,29.0
2473,426.0,29.0
2474,427.0,29.0
2475,428.0,29.0
2476,429.0,29.0
2477,430.0,29.0
2478,431.0,29.0
2479,432.0,29.0
2480,433.0,29.0
2481,434.0,29.0
2482,435.0,29.0
2483,436.0,29.0
2484,438.0,29.0
2485,439.0,29.0
2486,344.0,28.0
2487,345.0,28.0
2488,346.0,28.0
2489,399.0,28.0
2490,400.0,28.0
2491,407.0,28.0
2492,408.0,28.0
2493,409.0,28.0
2494,410.0,28.0
2495,411.0,28.0
2496,412.0,28.0
2497,413.0,28.0
2498,414.0,28.0
2499,415.0,28.0
2500,416.0,28.0
2501,417.0,28.0
2502,418.0,28.0
2503,419.0,28.0
2504,420.0,28.0
2505,421.0,28.0
2506,422.0,28.0
2507,423.0,28.0
2508,424.0,28.0
2509,425.0,28.0
2510,426.0,28.0
2511,427.0,28.0
2512,428.0,28.0
2513,429.0,28.0
2514,430.0,28.0
2515,431.0,28.0
2516,432.0,28.0
2517,433.0,28.0
2518,434.0,28.0
2519,435.0,28.0
2520,436.0,28.0
2521,438.0,28.0
2522,344.0,27.0
2523,345.0,27.0
2524,406.0,27.0
2525,407.0,27.0
2526,408.0,27.0
2527,409.0,27.0
2528,410.0,27.0
2529,411.0,27.0
2530,412.0,27.0
2531,413.0,27.0
2532,414.0,27.0
2533,415.0,27.0
2534,416.0,27.0
2535,417.0,27.0
2536,418.0,27.0
2537,419.0,27.0
2538,420.0,27.0
2539,421.0,27.0
2540,422.0,27.0
2541,423.0,27.0
2542,424.0,27.0
2543,425.0,27.0
2544,426.0,27.0
2545,427.0,27.0
2546,428.0,27.0
2547,429.0,27.0
2548,430.0,27.0
2549,431.0,27.0
2550,432.0,27.0
2551,433.0,27.0
2552,434.0,27.0
2553,435.0,27.0
2554,436.0,27.0
2555,442.0,27.0
2556,343.0,26.0
2557,344.0,26.0
2558,345.0,26.0
2559,402.0,26.0
2560,403.0,26.0
2561,405.0,26.0
2562,406.0,26.0
2563,407.0,26.0
2564,408.0,26.0
2565,409.0,26.0
2566,410.0,26.0
2567,411.0,26.0
2568,412.0,26.0
2569,413.0,26.0
2570,415.0,26.0
2571,416.0,26.0
2572,417.0,26.0
2573,418.0,26.0
2574,419.0,26.0
2575,420.0,26.0
2576,421.0,26.0
2577,422.0,26.0
2578,423.0,26.0
2579,424.0,26.0
2580,425.0,26.0
2581,426.0,26.0
2582,427.0,26.0
2583,428.0,26.0
2584,429.0,26.0
2585,430.0,26.0
2586,431.0,26.0
2587,432.0,26.0
2588,433.0,26.0
2589,434.0,26.0
2590,435.0,26.0
2591,436.0,26.0
2592,438.0,26.0
2593,442.0,26.0
2594,343.0,25.0
2595,345.0,25.0
2596,402.0,25.0
2597,407.0,25.0
2598,408.0,25.0
2599,409.0,25.0
2600,410.0,25.0
2601,411.0,25.0
2602,415.0,25.0
2603,416.0,25.0
2604,417.0,25.0
2605,418.0,25.0
2606,419.0,25.0
2607,420.0,25.0
2608,421.0,25.0
2609,422.0,25.0
2610,423.0,25.0
2611,424.0,25.0
2612,425.0,25.0
2613,426.0,25.0
2614,427.0,25.0
2615,428.0,25.0
2616,429.0,25.0
2617,430.0,25.0
2618,431.0,25.0
2619,432.0,25.0
2620,433.0,25.0
2621,434.0,25.0
2622,435.0,25.0
2623,436.0,25.0
2624,437.0,25.0
2625,438.0,25.0
2626,343.0,24.0
2627,344.0,24.0
2628,373.0,24.0
2629,402.0,24.0
2630,407.0,24.0
2631,408.0,24.0
2632,409.0,24.0
2633,410.0,24.0
2634,411.0,24.0
2635,412.0,24.0
2636,413.0,24.0
2637,414.0,24.0
2638,415.0,24.0
2639,416.0,24.0
2640,417.0,24.0
2641,418.0,24.0
2642,419.0,24.0
2643,420.0,24.0
2644,421.0,24.0
2645,422.0,24.0
2646,423.0,24.0
2647,424.0,24.0
2648,425.0,24.0
2649,426.0,24.0
2650,427.0,24.0
2651,428.0,24.0
2652,429.0,24.0
2653,430.0,24.0
2654,431.0,24.0
2655,432.0,24.0
2656,433.0,24.0
2657,434.0,24.0
2658,435.0,24.0
2659,436.0,24.0
2660,437.0,24.0
2661,438.0,24.0
2662,439.0,24.0
2663,440.0,24.0
2664,441.0,24.0
2665,402.0,23.0
2666,403.0,23.0
2667,407.0,23.0
2668,408.0,23.0
2669,414.0,23.0
2670,415.0,23.0
2671,416.0,23.0
2672,417.0,23.0
2673,418.0,23.0
2674,419.0,23.0
2675,420.0,23.0
2676,421.0,23.0
2677,422.0,23.0
2678,423.0,23.0
2679,424.0,23.0
2680,425.0,23.0
2681,426.0,23.0
2682,427.0,23.0
2683,428.0,23.0
2684,429.0,23.0
2685,430.0,23.0
2686,431.0,23.0
2687,432.0,23.0
2688,433.0,23.0
2689,434.0,23.0
2690,435.0,23.0
2691,436.0,23.0
2692,437.0,23.0
2693,438.0,23.0
2694,439.0,23.0
2695,441.0,23.0
2696,442.0,23.0
2697,338.0,22.0
2698,339.0,22.0
2699,367.0,22.0
2700,415.0,22.0
2701,416.0,22.0
2702,417.0,22.0
2703,418.0,22.0
2704,419.0,22.0
2705,420.0,22.0
2706,421.0,22.0
2707,422.0,22.0
2708,423.0,22.0
2709,424.0,22.0
2710,425.0,22.0
2711,426.0,22.0
2712,427.0,22.0
2713,428.0,22.0
2714,429.0,22.0
2715,430.0,22.0
2716,432.0,22.0
2717,433.0,22.0
2718,434.0,22.0
2719,435.0,22.0
2720,436.0,22.0
2721,437.0,22.0
2722,465.0,22.0
2723,302.0,21.0
2724,303.0,21.0
2725,304.0,21.0
2726,338.0,21.0
2727,339.0,21.0
2728,340.0,21.0
2729,367.0,21.0
2730,368.0,21.0
2731,409.0,21.0
2732,416.0,21.0
2733,417.0,21.0
2734,418.0,21.0
2735,419.0,21.0
2736,420.0,21.0
2737,421.0,21.0
2738,422.0,21.0
2739,423.0,21.0
2740,424.0,21.0
2741,425.0,21.0
2742,426.0,21.0
2743,427.0,21.0
2744,428.0,21.0
2745,429.0,21.0
2746,430.0,21.0
2747,433.0,21.0
2748,435.0,21.0
2749,436.0,21.0
2750,438.0,21.0
2751,439.0,21.0
2752,464.0,21.0
2753,465.0,21.0
2754,466.0,21.0
2755,338.0,20.0
2756,339.0,20.0
2757,340.0,20.0
2758,367.0,20.0
2759,408.0,20.0
2760,409.0,20.0
2761,414.0,20.0
2762,417.0,20.0
2763,418.0,20.0
2764,419.0,20.0
2765,420.0,20.0
2766,421.0,20.0
2767,422.0,20.0
2768,423.0,20.0
2769,424.0,20.0
2770,425.0,20.0
2771,426.0,20.0
2772,427.0,20.0
2773,428.0,20.0
2774,429.0,20.0
2775,433.0,20.0
2776,435.0,20.0
2777,436.0,20.0
2778,437.0,20.0
2779,438.0,20.0
2780,439.0,20.0
2781,447.0,20.0
2782,464.0,20.0
2783,465.0,20.0
2784,408.0,19.0
2785,418.0,19.0
2786,419.0,19.0
2787,420.0,19.0
2788,421.0,19.0
2789,422.0,19.0
2790,423.0,19.0
2791,424.0,19.0
2792,425.0,19.0
2793,426.0,19.0
2794,427.0,19.0
2795,428.0,19.0
2796,429.0,19.0
2797,430.0,19.0
2798,431.0,19.0
2799,433.0,19.0
2800,435.0,19.0
2801,436.0,19.0
2802,438.0,19.0
2803,463.0,19.0
2804,464.0,19.0
2805,465.0,19.0
2806,348.0,18.0
2807,349.0,18.0
2808,350.0,18.0
2809,406.0,18.0
2810,407.0,18.0
2811,408.0,18.0
2812,409.0,18.0
2813,410.0,18.0
2814,411.0,18.0
2815,417.0,18.0
2816,418.0,18.0
2817,419.0,18.0
2818,420.0,18.0
2819,421.0,18.0
2820,422.0,18.0
2821,423.0,18.0
2822,424.0,18.0
2823,425.0,18.0
2824,427.0,18.0
2825,428.0,18.0
2826,429.0,18.0
2827,430.0,18.0
2828,462.0,18.0
2829,463.0,18.0
2830,464.0,18.0
2831,465.0,18.0
2832,466.0,18.0
2833,498.0,18.0
2834,347.0,17.0
2835,348.0,17.0
2836,349.0,17.0
2837,350.0,17.0
2838,351.0,17.0
2839,408.0,17.0
2840,409.0,17.0
2841,410.0,17.0
2842,417.0,17.0
2843,418.0,17.0
2844,419.0,17.0
2845,420.0,17.0
2846,421.0,17.0
2847,422.0,17.0
2848,423.0,17.0
2849,428.0,17.0
2850,429.0,17.0
2851,430.0,17.0
2852,451.0,17.0
2853,463.0,17.0
2854,464.0,17.0
2855,465.0,17.0
2856,498.0,17.0
2857,344.0,16.0
2858,345.0,16.0
2859,346.0,16.0
2860,347.0,16.0
2861,348.0,16.0
2862,349.0,16.0
2863,350.0,16.0
2864,351.0,16.0
2865,352.0,16.0
2866,357.0,16.0
2867,358.0,16.0
2868,418.0,16.0
2869,419.0,16.0
2870,420.0,16.0
2871,423.0,16.0
2872,428.0,16.0
2873,429.0,16.0
2874,430.0,16.0
2875,463.0,16.0
2876,464.0,16.0
2877,496.0,16.0
2878,497.0,16.0
2879,498.0,16.0
2880,499.0,16.0
2881,348.0,15.0
2882,349.0,15.0
2883,350.0,15.0
2884,351.0,15.0
2885,352.0,15.0
2886,353.0,15.0
2887,354.0,15.0
2888,355.0,15.0
2889,356.0,15.0
2890,357.0,15.0
2891,428.0,15.0
2892,429.0,15.0
2893,498.0,15.0
2894,349.0,14.0
2895,350.0,14.0
2896,351.0,14.0
2897,352.0,14.0
2898,353.0,14.0
2899,354.0,14.0
2900,355.0,14.0
2901,356.0,14.0
2902,357.0,14.0
2903,371.0,14.0
2904,429.0,14.0
2905,498.0,14.0
2906,350.0,13.0
2907,351.0,13.0
2908,352.0,13.0
2909,353.0,13.0
2910,354.0,13.0
2911,355.0,13.0
2912,356.0,13.0
2913,358.0,11.0
2914,426.0,11.0
2915,427.0,11.0
2916,432.0,11.0
2917,433.0,11.0
2918,434.0,11.0
2919,358.0,10.0
2920,433.0,10.0
2921,434.0,10.0
2922,358.0,9.0
2923,359.0,9.0
2924,360.0,9.0
2925,361.0,9.0
2926,358.0,8.0
2927,359.0,8.0
2928,360.0,8.0
2929,361.0,8.0
2930,433.0,8.0
2931,359.0,7.0
2932,360.0,7.0
2933,361.0,7.0
2934,434.0,7.0
2935,457.0,7.0
2936,458.0,7.0
2937,359.0,6.0
2938,360.0,6.0
2939,361.0,6.0
2940,362.0,6.0
2941,417.0,6.0
2942,424.0,6.0
2943,425.0,6.0
2944,457.0,6.0
2945,458.0,6.0
2946,459.0,6.0
2947,460.0,6.0
2948,462.0,6.0
2949,425.0,5.0
2950,457.0,5.0
2951,459.0,5.0
2952,460.0,5.0
2953,461.0,5.0
2954,463.0,5.0
2955,459.0,4.0
2956,460.0,4.0
2957,461.0,4.0
2958,462.0,4.0
2959,463.0,4.0
2960,459.0,3.0
2961,460.0,3.0
2962,461.0,3.0
2963,462.0,3.0
2964,463.0,3.0
2965,464.0,3.0
2966,465.0,3.0
2967,466.0,3.0
2968,459.0,2.0
2969,460.0,2.0
2970,461.0,2.0
2971,462.0,2.0
2972,465.0,2.0
2973,466.0,2.0
2974,461.0,1.0
2975,462.0,1.0
2976,466.0,1.0
