# no_observation,attribut_0,attribut_1,no_classe
0,133.0,353.0,5
1,133.0,352.0,5
2,187.0,344.0,5
3,186.0,343.0,5
4,187.0,343.0,5
5,187.0,342.0,5
6,129.0,341.0,5
7,128.0,340.0,5
8,129.0,340.0,5
9,127.0,339.0,5
10,128.0,339.0,5
11,129.0,339.0,5
12,130.0,339.0,5
13,128.0,338.0,5
14,129.0,338.0,5
15,130.0,338.0,5
16,128.0,337.0,5
17,129.0,337.0,5
18,54.0,335.0,5
19,55.0,335.0,5
20,54.0,334.0,5
21,55.0,334.0,5
22,56.0,334.0,5
23,57.0,334.0,5
24,54.0,333.0,5
25,55.0,333.0,5
26,56.0,333.0,5
27,57.0,333.0,5
28,56.0,332.0,5
29,57.0,332.0,5
30,218.0,329.0,5
31,488.0,327.0,0
32,152.0,322.0,5
33,200.0,322.0,5
34,201.0,322.0,5
35,201.0,321.0,5
36,463.0,321.0,0
37,468.0,321.0,0
38,467.0,320.0,0
39,468.0,320.0,0
40,469.0,320.0,0
41,57.0,318.0,5
42,56.0,317.0,5
43,57.0,317.0,5
44,55.0,316.0,5
45,56.0,316.0,5
46,55.0,315.0,5
47,56.0,315.0,5
48,57.0,315.0,5
49,52.0,314.0,5
50,55.0,314.0,5
51,56.0,314.0,5
52,57.0,314.0,5
53,55.0,313.0,5
54,56.0,313.0,5
55,250.0,313.0,5
56,259.0,313.0,5
57,260.0,313.0,5
58,55.0,312.0,5
59,237.0,312.0,5
60,258.0,312.0,5
61,259.0,312.0,5
62,260.0,312.0,5
63,52.0,311.0,5
64,53.0,311.0,5
65,54.0,311.0,5
66,55.0,311.0,5
67,56.0,311.0,5
68,259.0,311.0,5
69,260.0,311.0,5
70,52.0,310.0,5
71,53.0,310.0,5
72,54.0,310.0,5
73,51.0,309.0,5
74,52.0,309.0,5
75,53.0,309.0,5
76,54.0,309.0,5
77,526.0,309.0,0
78,94.0,306.0,5
79,94.0,305.0,5
80,95.0,305.0,5
81,96.0,305.0,5
82,208.0,303.0,5
83,472.0,303.0,0
84,471.0,302.0,0
85,472.0,302.0,0
86,471.0,301.0,0
87,472.0,301.0,0
88,66.0,299.0,5
89,206.0,295.0,5
90,207.0,295.0,5
91,208.0,295.0,5
92,143.0,294.0,5
93,206.0,294.0,5
94,208.0,294.0,5
95,209.0,294.0,5
96,213.0,294.0,5
97,462.0,294.0,0
98,75.0,293.0,5
99,208.0,293.0,5
100,76.0,292.0,5
101,213.0,291.0,5
102,214.0,291.0,5
103,214.0,290.0,5
104,215.0,290.0,5
105,214.0,289.0,5
106,213.0,288.0,5
107,214.0,288.0,5
108,215.0,288.0,5
109,464.0,288.0,0
110,457.0,285.0,0
111,452.0,284.0,0
112,454.0,284.0,0
113,455.0,284.0,0
114,456.0,284.0,0
115,457.0,284.0,0
116,458.0,284.0,0
117,470.0,284.0,0
118,453.0,283.0,0
119,454.0,283.0,0
120,455.0,283.0,0
121,456.0,283.0,0
122,457.0,283.0,0
123,458.0,283.0,0
124,459.0,283.0,0
125,453.0,282.0,0
126,454.0,282.0,0
127,455.0,282.0,0
128,456.0,282.0,0
129,457.0,282.0,0
130,458.0,282.0,0
131,459.0,282.0,0
132,489.0,282.0,0
133,393.0,281.0,0
134,454.0,281.0,0
135,455.0,281.0,0
136,456.0,281.0,0
137,457.0,281.0,0
138,458.0,281.0,0
139,459.0,281.0,0
140,453.0,280.0,0
141,456.0,280.0,0
142,457.0,280.0,0
143,453.0,279.0,0
144,365.0,278.0,2
145,439.0,278.0,0
146,440.0,278.0,0
147,452.0,278.0,0
148,228.0,277.0,5
149,438.0,277.0,0
150,439.0,277.0,0
151,440.0,277.0,0
152,261.0,276.0,2
153,262.0,276.0,2
154,300.0,276.0,2
155,438.0,276.0,0
156,439.0,276.0,0
157,440.0,276.0,0
158,37.0,275.0,5
159,300.0,275.0,2
160,437.0,275.0,0
161,438.0,275.0,0
162,439.0,275.0,0
163,448.0,274.0,0
164,162.0,270.0,5
165,163.0,270.0,5
166,489.0,267.0,0
167,408.0,258.0,0
168,90.0,256.0,5
169,92.0,256.0,5
170,93.0,256.0,5
171,291.0,256.0,2
172,292.0,256.0,2
173,462.0,256.0,0
174,33.0,255.0,3
175,93.0,255.0,5
176,276.0,255.0,2
177,290.0,255.0,2
178,291.0,255.0,2
179,292.0,255.0,2
180,293.0,255.0,2
181,484.0,255.0,0
182,485.0,255.0,0
183,290.0,254.0,2
184,291.0,254.0,2
185,292.0,254.0,2
186,293.0,254.0,2
187,294.0,254.0,2
188,411.0,254.0,0
189,415.0,254.0,0
190,416.0,254.0,0
191,482.0,254.0,0
192,485.0,254.0,0
193,258.0,253.0,2
194,290.0,253.0,2
195,291.0,253.0,2
196,292.0,253.0,2
197,293.0,253.0,2
198,294.0,253.0,2
199,411.0,253.0,0
200,412.0,253.0,0
201,413.0,253.0,0
202,414.0,253.0,0
203,415.0,253.0,0
204,483.0,253.0,0
205,484.0,253.0,0
206,485.0,253.0,0
207,486.0,253.0,0
208,487.0,253.0,0
209,289.0,252.0,2
210,290.0,252.0,2
211,291.0,252.0,2
212,292.0,252.0,2
213,293.0,252.0,2
214,410.0,252.0,0
215,411.0,252.0,0
216,412.0,252.0,0
217,413.0,252.0,0
218,414.0,252.0,0
219,485.0,252.0,0
220,486.0,252.0,0
221,487.0,252.0,0
222,290.0,251.0,2
223,291.0,251.0,2
224,292.0,251.0,2
225,293.0,251.0,2
226,336.0,251.0,2
227,409.0,251.0,0
228,410.0,251.0,0
229,411.0,251.0,0
230,412.0,251.0,0
231,413.0,251.0,0
232,485.0,251.0,0
233,486.0,251.0,0
234,487.0,251.0,0
235,292.0,250.0,2
236,336.0,250.0,2
237,337.0,250.0,2
238,408.0,250.0,0
239,409.0,250.0,0
240,410.0,250.0,0
241,411.0,250.0,0
242,412.0,250.0,0
243,448.0,250.0,0
244,461.0,250.0,0
245,463.0,250.0,0
246,485.0,250.0,0
247,486.0,250.0,0
248,487.0,250.0,0
249,408.0,249.0,0
250,409.0,249.0,0
251,410.0,249.0,0
252,411.0,249.0,0
253,440.0,249.0,0
254,441.0,249.0,0
255,461.0,249.0,0
256,462.0,249.0,0
257,463.0,249.0,0
258,484.0,249.0,0
259,486.0,249.0,0
260,487.0,249.0,0
261,488.0,249.0,0
262,334.0,248.0,2
263,408.0,248.0,0
264,409.0,248.0,0
265,410.0,248.0,0
266,440.0,248.0,0
267,441.0,248.0,0
268,442.0,248.0,0
269,462.0,248.0,0
270,463.0,248.0,0
271,481.0,248.0,0
272,482.0,248.0,0
273,486.0,248.0,0
274,487.0,248.0,0
275,488.0,248.0,0
276,489.0,248.0,0
277,129.0,247.0,5
278,333.0,247.0,2
279,405.0,247.0,0
280,409.0,247.0,0
281,410.0,247.0,0
282,427.0,247.0,0
283,428.0,247.0,0
284,429.0,247.0,0
285,481.0,247.0,0
286,486.0,247.0,0
287,488.0,247.0,0
288,340.0,246.0,2
289,403.0,246.0,0
290,404.0,246.0,0
291,409.0,246.0,0
292,427.0,246.0,0
293,428.0,246.0,0
294,429.0,246.0,0
295,430.0,246.0,0
296,486.0,246.0,0
297,206.0,245.0,5
298,408.0,245.0,0
299,409.0,245.0,0
300,474.0,245.0,0
301,475.0,245.0,0
302,484.0,245.0,0
303,486.0,245.0,0
304,488.0,245.0,0
305,408.0,244.0,0
306,409.0,244.0,0
307,410.0,244.0,0
308,415.0,244.0,0
309,416.0,244.0,0
310,417.0,244.0,0
311,473.0,244.0,0
312,474.0,244.0,0
313,475.0,244.0,0
314,485.0,244.0,0
315,417.0,243.0,0
316,418.0,243.0,0
317,419.0,243.0,0
318,420.0,243.0,0
319,475.0,243.0,0
320,485.0,243.0,0
321,486.0,243.0,0
322,373.0,242.0,2
323,418.0,242.0,0
324,419.0,242.0,0
325,420.0,242.0,0
326,485.0,242.0,0
327,419.0,241.0,0
328,474.0,241.0,0
329,475.0,241.0,0
330,476.0,241.0,0
331,106.0,240.0,5
332,397.0,240.0,0
333,419.0,240.0,0
334,474.0,240.0,0
335,475.0,240.0,0
336,397.0,239.0,0
337,398.0,239.0,0
338,474.0,239.0,0
339,475.0,239.0,0
340,387.0,238.0,2
341,473.0,238.0,0
342,474.0,238.0,0
343,475.0,238.0,0
344,375.0,237.0,2
345,376.0,237.0,2
346,377.0,237.0,2
347,387.0,237.0,2
348,472.0,237.0,0
349,473.0,237.0,0
350,474.0,237.0,0
351,262.0,236.0,2
352,354.0,236.0,2
353,375.0,236.0,2
354,376.0,236.0,2
355,387.0,236.0,2
356,464.0,236.0,0
357,474.0,236.0,0
358,337.0,235.0,2
359,338.0,235.0,2
360,359.0,235.0,2
361,474.0,235.0,0
362,327.0,234.0,2
363,336.0,234.0,2
364,337.0,234.0,2
365,338.0,234.0,2
366,339.0,234.0,2
367,358.0,234.0,2
368,359.0,234.0,2
369,360.0,234.0,2
370,380.0,234.0,2
371,382.0,234.0,2
372,469.0,234.0,0
373,473.0,234.0,0
374,474.0,234.0,0
375,326.0,233.0,2
376,327.0,233.0,2
377,335.0,233.0,2
378,336.0,233.0,2
379,337.0,233.0,2
380,338.0,233.0,2
381,339.0,233.0,2
382,358.0,233.0,2
383,359.0,233.0,2
384,360.0,233.0,2
385,369.0,233.0,2
386,379.0,233.0,2
387,380.0,233.0,2
388,381.0,233.0,2
389,382.0,233.0,2
390,383.0,233.0,2
391,384.0,233.0,2
392,472.0,233.0,0
393,473.0,233.0,0
394,325.0,232.0,2
395,326.0,232.0,2
396,337.0,232.0,2
397,338.0,232.0,2
398,339.0,232.0,2
399,355.0,232.0,2
400,368.0,232.0,2
401,369.0,232.0,2
402,379.0,232.0,2
403,380.0,232.0,2
404,381.0,232.0,2
405,382.0,232.0,2
406,383.0,232.0,2
407,384.0,232.0,2
408,472.0,232.0,0
409,339.0,231.0,2
410,378.0,231.0,2
411,379.0,231.0,2
412,380.0,231.0,2
413,381.0,231.0,2
414,382.0,231.0,2
415,383.0,231.0,2
416,384.0,231.0,2
417,410.0,231.0,0
418,470.0,231.0,0
419,340.0,230.0,2
420,378.0,230.0,2
421,379.0,230.0,2
422,380.0,230.0,2
423,381.0,230.0,2
424,382.0,230.0,2
425,383.0,230.0,2
426,409.0,230.0,0
427,450.0,230.0,0
428,465.0,230.0,0
429,467.0,230.0,0
430,469.0,230.0,0
431,340.0,229.0,2
432,379.0,229.0,2
433,380.0,229.0,2
434,381.0,229.0,2
435,382.0,229.0,2
436,383.0,229.0,2
437,384.0,229.0,2
438,449.0,229.0,0
439,464.0,229.0,0
440,465.0,229.0,0
441,466.0,229.0,0
442,467.0,229.0,0
443,468.0,229.0,0
444,474.0,229.0,0
445,475.0,229.0,0
446,330.0,228.0,2
447,340.0,228.0,2
448,376.0,228.0,2
449,377.0,228.0,2
450,378.0,228.0,2
451,379.0,228.0,2
452,380.0,228.0,2
453,381.0,228.0,2
454,382.0,228.0,2
455,383.0,228.0,2
456,448.0,228.0,0
457,463.0,228.0,0
458,464.0,228.0,0
459,465.0,228.0,0
460,466.0,228.0,0
461,467.0,228.0,0
462,471.0,228.0,0
463,472.0,228.0,0
464,473.0,228.0,0
465,474.0,228.0,0
466,475.0,228.0,0
467,340.0,227.0,2
468,364.0,227.0,2
469,371.0,227.0,2
470,377.0,227.0,2
471,378.0,227.0,2
472,379.0,227.0,2
473,380.0,227.0,2
474,381.0,227.0,2
475,382.0,227.0,2
476,448.0,227.0,0
477,463.0,227.0,0
478,464.0,227.0,0
479,465.0,227.0,0
480,466.0,227.0,0
481,467.0,227.0,0
482,469.0,227.0,0
483,470.0,227.0,0
484,471.0,227.0,0
485,472.0,227.0,0
486,473.0,227.0,0
487,330.0,226.0,2
488,338.0,226.0,2
489,340.0,226.0,2
490,360.0,226.0,2
491,361.0,226.0,2
492,381.0,226.0,2
493,460.0,226.0,0
494,461.0,226.0,0
495,462.0,226.0,0
496,463.0,226.0,0
497,464.0,226.0,0
498,465.0,226.0,0
499,466.0,226.0,0
500,467.0,226.0,0
501,468.0,226.0,0
502,469.0,226.0,0
503,470.0,226.0,0
504,471.0,226.0,0
505,472.0,226.0,0
506,315.0,225.0,2
507,330.0,225.0,2
508,337.0,225.0,2
509,338.0,225.0,2
510,339.0,225.0,2
511,340.0,225.0,2
512,461.0,225.0,0
513,462.0,225.0,0
514,463.0,225.0,0
515,464.0,225.0,0
516,465.0,225.0,0
517,466.0,225.0,0
518,467.0,225.0,0
519,468.0,225.0,0
520,469.0,225.0,0
521,470.0,225.0,0
522,265.0,224.0,2
523,300.0,224.0,2
524,301.0,224.0,2
525,330.0,224.0,2
526,337.0,224.0,2
527,338.0,224.0,2
528,339.0,224.0,2
529,340.0,224.0,2
530,380.0,224.0,2
531,399.0,224.0,0
532,463.0,224.0,0
533,464.0,224.0,0
534,465.0,224.0,0
535,466.0,224.0,0
536,467.0,224.0,0
537,468.0,224.0,0
538,469.0,224.0,0
539,265.0,223.0,2
540,329.0,223.0,2
541,330.0,223.0,2
542,331.0,223.0,2
543,336.0,223.0,2
544,337.0,223.0,2
545,338.0,223.0,2
546,339.0,223.0,2
547,340.0,223.0,2
548,353.0,223.0,2
549,398.0,223.0,0
550,462.0,223.0,0
551,463.0,223.0,0
552,464.0,223.0,0
553,465.0,223.0,0
554,466.0,223.0,0
555,336.0,222.0,2
556,337.0,222.0,2
557,338.0,222.0,2
558,339.0,222.0,2
559,340.0,222.0,2
560,341.0,222.0,2
561,397.0,222.0,0
562,398.0,222.0,0
563,454.0,222.0,0
564,455.0,222.0,0
565,461.0,222.0,0
566,462.0,222.0,0
567,463.0,222.0,0
568,464.0,222.0,0
569,125.0,221.0,5
570,336.0,221.0,2
571,337.0,221.0,2
572,338.0,221.0,2
573,339.0,221.0,2
574,340.0,221.0,2
575,341.0,221.0,2
576,342.0,221.0,2
577,378.0,221.0,2
578,379.0,221.0,2
579,380.0,221.0,2
580,395.0,221.0,0
581,396.0,221.0,0
582,397.0,221.0,0
583,398.0,221.0,0
584,453.0,221.0,0
585,454.0,221.0,0
586,461.0,221.0,0
587,462.0,221.0,0
588,463.0,221.0,0
589,464.0,221.0,0
590,465.0,221.0,0
591,466.0,221.0,0
592,125.0,220.0,5
593,336.0,220.0,2
594,337.0,220.0,2
595,338.0,220.0,2
596,339.0,220.0,2
597,340.0,220.0,2
598,341.0,220.0,2
599,342.0,220.0,2
600,343.0,220.0,2
601,378.0,220.0,2
602,379.0,220.0,2
603,380.0,220.0,2
604,392.0,220.0,2
605,393.0,220.0,2
606,394.0,220.0,2
607,395.0,220.0,0
608,396.0,220.0,0
609,397.0,220.0,0
610,398.0,220.0,0
611,399.0,220.0,0
612,452.0,220.0,0
613,453.0,220.0,0
614,462.0,220.0,0
615,463.0,220.0,0
616,464.0,220.0,0
617,465.0,220.0,0
618,466.0,220.0,0
619,467.0,220.0,0
620,124.0,219.0,5
621,125.0,219.0,5
622,307.0,219.0,2
623,336.0,219.0,2
624,337.0,219.0,2
625,338.0,219.0,2
626,339.0,219.0,2
627,340.0,219.0,2
628,341.0,219.0,2
629,342.0,219.0,2
630,343.0,219.0,2
631,355.0,219.0,2
632,356.0,219.0,2
633,357.0,219.0,2
634,358.0,219.0,2
635,378.0,219.0,2
636,379.0,219.0,2
637,387.0,219.0,2
638,391.0,219.0,2
639,392.0,219.0,2
640,393.0,219.0,2
641,394.0,219.0,2
642,395.0,219.0,0
643,396.0,219.0,0
644,397.0,219.0,0
645,398.0,219.0,0
646,399.0,219.0,0
647,404.0,219.0,0
648,405.0,219.0,0
649,406.0,219.0,0
650,407.0,219.0,0
651,461.0,219.0,0
652,462.0,219.0,0
653,463.0,219.0,0
654,464.0,219.0,0
655,465.0,219.0,0
656,467.0,219.0,0
657,125.0,218.0,5
658,307.0,218.0,2
659,336.0,218.0,2
660,337.0,218.0,2
661,338.0,218.0,2
662,339.0,218.0,2
663,340.0,218.0,2
664,341.0,218.0,2
665,342.0,218.0,2
666,343.0,218.0,2
667,344.0,218.0,2
668,355.0,218.0,2
669,356.0,218.0,2
670,357.0,218.0,2
671,358.0,218.0,2
672,395.0,218.0,0
673,399.0,218.0,0
674,405.0,218.0,0
675,406.0,218.0,0
676,457.0,218.0,0
677,460.0,218.0,0
678,461.0,218.0,0
679,462.0,218.0,0
680,467.0,218.0,0
681,336.0,217.0,2
682,337.0,217.0,2
683,338.0,217.0,2
684,339.0,217.0,2
685,340.0,217.0,2
686,341.0,217.0,2
687,342.0,217.0,2
688,343.0,217.0,2
689,344.0,217.0,2
690,345.0,217.0,2
691,395.0,217.0,0
692,397.0,217.0,0
693,398.0,217.0,0
694,399.0,217.0,0
695,400.0,217.0,0
696,405.0,217.0,0
697,406.0,217.0,0
698,409.0,217.0,0
699,450.0,217.0,0
700,455.0,217.0,0
701,456.0,217.0,0
702,457.0,217.0,0
703,458.0,217.0,0
704,459.0,217.0,0
705,460.0,217.0,0
706,461.0,217.0,0
707,466.0,217.0,0
708,467.0,217.0,0
709,125.0,216.0,5
710,336.0,216.0,2
711,338.0,216.0,2
712,339.0,216.0,2
713,340.0,216.0,2
714,341.0,216.0,2
715,342.0,216.0,2
716,343.0,216.0,2
717,344.0,216.0,2
718,345.0,216.0,2
719,346.0,216.0,2
720,347.0,216.0,2
721,348.0,216.0,2
722,398.0,216.0,0
723,399.0,216.0,0
724,413.0,216.0,0
725,450.0,216.0,0
726,453.0,216.0,0
727,454.0,216.0,0
728,455.0,216.0,0
729,456.0,216.0,0
730,457.0,216.0,0
731,458.0,216.0,0
732,459.0,216.0,0
733,460.0,216.0,0
734,461.0,216.0,0
735,466.0,216.0,0
736,467.0,216.0,0
737,51.0,215.0,3
738,124.0,215.0,5
739,125.0,215.0,5
740,338.0,215.0,2
741,339.0,215.0,2
742,340.0,215.0,2
743,341.0,215.0,2
744,342.0,215.0,2
745,343.0,215.0,2
746,344.0,215.0,2
747,345.0,215.0,2
748,346.0,215.0,2
749,348.0,215.0,2
750,397.0,215.0,0
751,398.0,215.0,0
752,399.0,215.0,0
753,400.0,215.0,0
754,454.0,215.0,0
755,455.0,215.0,0
756,456.0,215.0,0
757,457.0,215.0,0
758,458.0,215.0,0
759,459.0,215.0,0
760,460.0,215.0,0
761,461.0,215.0,0
762,51.0,214.0,3
763,123.0,214.0,5
764,124.0,214.0,5
765,125.0,214.0,5
766,288.0,214.0,2
767,289.0,214.0,2
768,290.0,214.0,2
769,317.0,214.0,2
770,338.0,214.0,2
771,339.0,214.0,2
772,341.0,214.0,2
773,342.0,214.0,2
774,343.0,214.0,2
775,344.0,214.0,2
776,345.0,214.0,2
777,346.0,214.0,2
778,399.0,214.0,0
779,400.0,214.0,0
780,412.0,214.0,0
781,441.0,214.0,0
782,442.0,214.0,0
783,443.0,214.0,0
784,454.0,214.0,0
785,455.0,214.0,0
786,456.0,214.0,0
787,457.0,214.0,0
788,458.0,214.0,0
789,459.0,214.0,0
790,460.0,214.0,0
791,123.0,213.0,5
792,124.0,213.0,5
793,125.0,213.0,5
794,288.0,213.0,2
795,289.0,213.0,2
796,290.0,213.0,2
797,316.0,213.0,2
798,317.0,213.0,2
799,318.0,213.0,2
800,338.0,213.0,2
801,366.0,213.0,2
802,399.0,213.0,0
803,400.0,213.0,0
804,410.0,213.0,0
805,412.0,213.0,0
806,413.0,213.0,0
807,415.0,213.0,0
808,439.0,213.0,0
809,440.0,213.0,0
810,441.0,213.0,0
811,442.0,213.0,0
812,447.0,213.0,0
813,453.0,213.0,0
814,454.0,213.0,0
815,455.0,213.0,0
816,456.0,213.0,0
817,457.0,213.0,0
818,458.0,213.0,0
819,459.0,213.0,0
820,460.0,213.0,0
821,123.0,212.0,5
822,124.0,212.0,5
823,125.0,212.0,5
824,289.0,212.0,2
825,330.0,212.0,2
826,365.0,212.0,2
827,366.0,212.0,2
828,367.0,212.0,2
829,411.0,212.0,0
830,412.0,212.0,0
831,413.0,212.0,0
832,414.0,212.0,0
833,415.0,212.0,0
834,447.0,212.0,0
835,448.0,212.0,0
836,454.0,212.0,0
837,455.0,212.0,0
838,456.0,212.0,0
839,457.0,212.0,0
840,458.0,212.0,0
841,459.0,212.0,0
842,460.0,212.0,0
843,124.0,211.0,5
844,189.0,211.0,5
845,365.0,211.0,2
846,366.0,211.0,2
847,390.0,211.0,2
848,411.0,211.0,0
849,412.0,211.0,0
850,413.0,211.0,0
851,414.0,211.0,0
852,415.0,211.0,0
853,416.0,211.0,0
854,423.0,211.0,0
855,443.0,211.0,0
856,444.0,211.0,0
857,453.0,211.0,0
858,455.0,211.0,0
859,456.0,211.0,0
860,457.0,211.0,0
861,458.0,211.0,0
862,459.0,211.0,0
863,460.0,211.0,0
864,35.0,210.0,3
865,36.0,210.0,3
866,125.0,210.0,5
867,412.0,210.0,0
868,413.0,210.0,0
869,414.0,210.0,0
870,415.0,210.0,0
871,416.0,210.0,0
872,417.0,210.0,0
873,418.0,210.0,0
874,443.0,210.0,0
875,444.0,210.0,0
876,454.0,210.0,0
877,455.0,210.0,0
878,21.0,209.0,3
879,34.0,209.0,3
880,35.0,209.0,3
881,36.0,209.0,3
882,266.0,209.0,2
883,267.0,209.0,2
884,268.0,209.0,2
885,269.0,209.0,2
886,375.0,209.0,2
887,376.0,209.0,2
888,408.0,209.0,0
889,412.0,209.0,0
890,413.0,209.0,0
891,414.0,209.0,0
892,417.0,209.0,0
893,453.0,209.0,0
894,454.0,209.0,0
895,465.0,209.0,0
896,33.0,208.0,3
897,34.0,208.0,3
898,35.0,208.0,3
899,36.0,208.0,3
900,267.0,208.0,2
901,268.0,208.0,2
902,269.0,208.0,2
903,412.0,208.0,0
904,453.0,208.0,0
905,454.0,208.0,0
906,460.0,208.0,0
907,464.0,208.0,0
908,465.0,208.0,0
909,33.0,207.0,3
910,34.0,207.0,3
911,35.0,207.0,3
912,126.0,207.0,5
913,268.0,207.0,2
914,269.0,207.0,2
915,28.0,206.0,3
916,33.0,206.0,3
917,34.0,206.0,3
918,448.0,206.0,0
919,449.0,206.0,0
920,27.0,205.0,3
921,247.0,205.0,2
922,326.0,205.0,2
923,362.0,205.0,2
924,417.0,205.0,0
925,435.0,205.0,0
926,446.0,205.0,0
927,448.0,205.0,0
928,449.0,205.0,0
929,25.0,204.0,3
930,186.0,204.0,5
931,262.0,204.0,2
932,326.0,204.0,2
933,327.0,204.0,2
934,358.0,204.0,2
935,386.0,204.0,2
936,387.0,204.0,2
937,444.0,204.0,0
938,445.0,204.0,0
939,446.0,204.0,0
940,447.0,204.0,0
941,448.0,204.0,0
942,24.0,203.0,3
943,25.0,203.0,3
944,186.0,203.0,5
945,262.0,203.0,2
946,326.0,203.0,2
947,327.0,203.0,2
948,351.0,203.0,2
949,385.0,203.0,2
950,386.0,203.0,2
951,387.0,203.0,2
952,388.0,203.0,2
953,392.0,203.0,2
954,426.0,203.0,0
955,439.0,203.0,0
956,445.0,203.0,0
957,446.0,203.0,0
958,447.0,203.0,0
959,448.0,203.0,0
960,456.0,203.0,0
961,23.0,202.0,3
962,26.0,202.0,3
963,27.0,202.0,3
964,186.0,202.0,5
965,189.0,202.0,5
966,326.0,202.0,2
967,332.0,202.0,2
968,351.0,202.0,2
969,385.0,202.0,2
970,386.0,202.0,2
971,387.0,202.0,2
972,388.0,202.0,2
973,389.0,202.0,2
974,396.0,202.0,2
975,444.0,202.0,0
976,445.0,202.0,0
977,446.0,202.0,0
978,447.0,202.0,0
979,22.0,201.0,3
980,23.0,201.0,3
981,24.0,201.0,3
982,25.0,201.0,3
983,29.0,201.0,3
984,33.0,201.0,3
985,365.0,201.0,2
986,385.0,201.0,2
987,386.0,201.0,2
988,387.0,201.0,2
989,388.0,201.0,2
990,389.0,201.0,2
991,415.0,201.0,0
992,441.0,201.0,0
993,444.0,201.0,0
994,445.0,201.0,0
995,446.0,201.0,0
996,447.0,201.0,0
997,22.0,200.0,3
998,23.0,200.0,3
999,24.0,200.0,3
1000,33.0,200.0,3
1001,362.0,200.0,2
1002,376.0,200.0,2
1003,386.0,200.0,2
1004,387.0,200.0,2
1005,388.0,200.0,2
1006,389.0,200.0,2
1007,441.0,200.0,0
1008,442.0,200.0,0
1009,443.0,200.0,0
1010,444.0,200.0,0
1011,445.0,200.0,0
1012,446.0,200.0,0
1013,447.0,200.0,0
1014,448.0,200.0,0
1015,21.0,199.0,3
1016,24.0,199.0,3
1017,26.0,199.0,3
1018,33.0,199.0,3
1019,359.0,199.0,2
1020,362.0,199.0,2
1021,376.0,199.0,2
1022,377.0,199.0,2
1023,441.0,199.0,0
1024,442.0,199.0,0
1025,443.0,199.0,0
1026,444.0,199.0,0
1027,445.0,199.0,0
1028,446.0,199.0,0
1029,447.0,199.0,0
1030,448.0,199.0,0
1031,461.0,199.0,0
1032,22.0,198.0,3
1033,24.0,198.0,3
1034,27.0,198.0,3
1035,33.0,198.0,3
1036,339.0,198.0,2
1037,358.0,198.0,2
1038,359.0,198.0,2
1039,360.0,198.0,2
1040,375.0,198.0,2
1041,376.0,198.0,2
1042,377.0,198.0,2
1043,378.0,198.0,2
1044,439.0,198.0,0
1045,440.0,198.0,0
1046,441.0,198.0,0
1047,442.0,198.0,0
1048,443.0,198.0,0
1049,444.0,198.0,0
1050,445.0,198.0,0
1051,446.0,198.0,0
1052,25.0,197.0,3
1053,185.0,197.0,5
1054,186.0,197.0,5
1055,357.0,197.0,2
1056,358.0,197.0,2
1057,359.0,197.0,2
1058,360.0,197.0,2
1059,376.0,197.0,2
1060,377.0,197.0,2
1061,378.0,197.0,2
1062,439.0,197.0,0
1063,440.0,197.0,0
1064,441.0,197.0,0
1065,442.0,197.0,0
1066,443.0,197.0,0
1067,444.0,197.0,0
1068,445.0,197.0,0
1069,446.0,197.0,0
1070,23.0,196.0,3
1071,25.0,196.0,3
1072,34.0,196.0,3
1073,35.0,196.0,3
1074,185.0,196.0,5
1075,186.0,196.0,5
1076,187.0,196.0,5
1077,356.0,196.0,2
1078,357.0,196.0,2
1079,358.0,196.0,2
1080,359.0,196.0,2
1081,360.0,196.0,2
1082,362.0,196.0,2
1083,376.0,196.0,2
1084,377.0,196.0,2
1085,440.0,196.0,0
1086,441.0,196.0,0
1087,442.0,196.0,0
1088,443.0,196.0,0
1089,444.0,196.0,0
1090,445.0,196.0,0
1091,24.0,195.0,3
1092,25.0,195.0,3
1093,34.0,195.0,3
1094,35.0,195.0,3
1095,184.0,195.0,5
1096,185.0,195.0,5
1097,186.0,195.0,5
1098,187.0,195.0,5
1099,188.0,195.0,5
1100,356.0,195.0,2
1101,357.0,195.0,2
1102,358.0,195.0,2
1103,359.0,195.0,2
1104,360.0,195.0,2
1105,376.0,195.0,2
1106,377.0,195.0,2
1107,439.0,195.0,0
1108,440.0,195.0,0
1109,441.0,195.0,0
1110,442.0,195.0,0
1111,443.0,195.0,0
1112,444.0,195.0,0
1113,24.0,194.0,3
1114,25.0,194.0,3
1115,26.0,194.0,3
1116,35.0,194.0,3
1117,184.0,194.0,5
1118,185.0,194.0,5
1119,186.0,194.0,5
1120,187.0,194.0,5
1121,188.0,194.0,5
1122,333.0,194.0,2
1123,356.0,194.0,2
1124,357.0,194.0,2
1125,358.0,194.0,2
1126,359.0,194.0,2
1127,360.0,194.0,2
1128,375.0,194.0,2
1129,376.0,194.0,2
1130,388.0,194.0,2
1131,441.0,194.0,0
1132,442.0,194.0,0
1133,445.0,194.0,0
1134,458.0,194.0,0
1135,25.0,193.0,3
1136,26.0,193.0,3
1137,35.0,193.0,3
1138,184.0,193.0,5
1139,185.0,193.0,5
1140,186.0,193.0,5
1141,187.0,193.0,5
1142,188.0,193.0,5
1143,326.0,193.0,2
1144,327.0,193.0,2
1145,357.0,193.0,2
1146,359.0,193.0,2
1147,374.0,193.0,2
1148,375.0,193.0,2
1149,376.0,193.0,2
1150,377.0,193.0,2
1151,185.0,192.0,5
1152,186.0,192.0,5
1153,187.0,192.0,5
1154,188.0,192.0,5
1155,326.0,192.0,2
1156,373.0,192.0,2
1157,374.0,192.0,2
1158,375.0,192.0,2
1159,376.0,192.0,2
1160,377.0,192.0,2
1161,279.0,191.0,2
1162,373.0,191.0,2
1163,374.0,191.0,2
1164,375.0,191.0,2
1165,376.0,191.0,2
1166,377.0,191.0,2
1167,152.0,190.0,5
1168,279.0,190.0,2
1169,347.0,190.0,2
1170,348.0,190.0,2
1171,372.0,190.0,2
1172,373.0,190.0,2
1173,374.0,190.0,2
1174,375.0,190.0,2
1175,376.0,190.0,2
1176,377.0,190.0,2
1177,372.0,189.0,2
1178,373.0,189.0,2
1179,374.0,189.0,2
1180,375.0,189.0,2
1181,376.0,189.0,2
1182,377.0,189.0,2
1183,440.0,189.0,0
1184,441.0,189.0,0
1185,373.0,188.0,2
1186,374.0,188.0,2
1187,375.0,188.0,2
1188,373.0,187.0,2
1189,374.0,187.0,2
1190,186.0,185.0,5
1191,280.0,185.0,2
1192,186.0,184.0,5
1193,187.0,184.0,5
1194,280.0,184.0,2
1195,281.0,184.0,2
1196,282.0,184.0,2
1197,392.0,184.0,4
1198,400.0,184.0,4
1199,401.0,184.0,4
1200,42.0,183.0,3
1201,43.0,183.0,3
1202,44.0,183.0,3
1203,186.0,183.0,5
1204,187.0,183.0,5
1205,279.0,183.0,2
1206,280.0,183.0,2
1207,281.0,183.0,2
1208,282.0,183.0,2
1209,283.0,183.0,2
1210,393.0,183.0,4
1211,394.0,183.0,4
1212,395.0,183.0,4
1213,43.0,182.0,3
1214,44.0,182.0,3
1215,187.0,182.0,5
1216,271.0,182.0,2
1217,279.0,182.0,2
1218,280.0,182.0,2
1219,281.0,182.0,2
1220,282.0,182.0,2
1221,283.0,182.0,2
1222,284.0,182.0,2
1223,322.0,182.0,2
1224,323.0,182.0,2
1225,441.0,182.0,0
1226,442.0,182.0,0
1227,443.0,182.0,0
1228,43.0,181.0,3
1229,271.0,181.0,2
1230,275.0,181.0,2
1231,279.0,181.0,2
1232,280.0,181.0,2
1233,281.0,181.0,2
1234,282.0,181.0,2
1235,283.0,181.0,2
1236,284.0,181.0,2
1237,302.0,181.0,2
1238,323.0,181.0,2
1239,441.0,181.0,0
1240,442.0,181.0,0
1241,443.0,181.0,0
1242,279.0,180.0,2
1243,280.0,180.0,2
1244,281.0,180.0,2
1245,282.0,180.0,2
1246,283.0,180.0,2
1247,316.0,180.0,2
1248,317.0,180.0,2
1249,318.0,180.0,2
1250,319.0,180.0,2
1251,320.0,180.0,2
1252,321.0,180.0,2
1253,322.0,180.0,2
1254,323.0,180.0,2
1255,324.0,180.0,2
1256,325.0,180.0,2
1257,441.0,180.0,0
1258,442.0,180.0,0
1259,443.0,180.0,0
1260,444.0,180.0,0
1261,282.0,179.0,2
1262,318.0,179.0,2
1263,319.0,179.0,2
1264,320.0,179.0,2
1265,321.0,179.0,2
1266,322.0,179.0,2
1267,323.0,179.0,2
1268,324.0,179.0,2
1269,364.0,179.0,2
1270,365.0,179.0,2
1271,441.0,179.0,0
1272,442.0,179.0,0
1273,443.0,179.0,0
1274,450.0,179.0,0
1275,319.0,178.0,2
1276,320.0,178.0,2
1277,321.0,178.0,2
1278,322.0,178.0,2
1279,323.0,178.0,2
1280,324.0,178.0,2
1281,325.0,178.0,2
1282,363.0,178.0,2
1283,364.0,178.0,2
1284,365.0,178.0,2
1285,366.0,178.0,2
1286,367.0,178.0,2
1287,444.0,178.0,0
1288,452.0,178.0,0
1289,320.0,177.0,2
1290,321.0,177.0,2
1291,322.0,177.0,2
1292,324.0,177.0,2
1293,325.0,177.0,2
1294,363.0,177.0,2
1295,364.0,177.0,2
1296,365.0,177.0,2
1297,366.0,177.0,2
1298,376.0,177.0,4
1299,407.0,177.0,4
1300,444.0,177.0,0
1301,453.0,177.0,0
1302,454.0,177.0,0
1303,46.0,176.0,3
1304,187.0,176.0,5
1305,188.0,176.0,5
1306,320.0,176.0,2
1307,321.0,176.0,2
1308,363.0,176.0,2
1309,364.0,176.0,2
1310,365.0,176.0,2
1311,366.0,176.0,2
1312,376.0,176.0,4
1313,377.0,176.0,4
1314,427.0,176.0,4
1315,454.0,176.0,0
1316,365.0,175.0,2
1317,376.0,175.0,4
1318,427.0,175.0,4
1319,455.0,175.0,0
1320,456.0,175.0,0
1321,457.0,175.0,0
1322,458.0,175.0,0
1323,420.0,174.0,4
1324,454.0,174.0,0
1325,455.0,174.0,0
1326,456.0,174.0,0
1327,457.0,174.0,0
1328,458.0,174.0,0
1329,348.0,173.0,2
1330,419.0,173.0,4
1331,420.0,173.0,4
1332,455.0,173.0,0
1333,456.0,173.0,0
1334,348.0,172.0,2
1335,250.0,170.0,6
1336,352.0,170.0,2
1337,457.0,168.0,0
1338,84.0,167.0,3
1339,83.0,166.0,3
1340,84.0,166.0,3
1341,85.0,166.0,3
1342,86.0,166.0,3
1343,255.0,166.0,6
1344,256.0,166.0,6
1345,422.0,166.0,4
1346,45.0,165.0,3
1347,46.0,165.0,3
1348,83.0,165.0,3
1349,84.0,165.0,3
1350,85.0,165.0,3
1351,86.0,165.0,3
1352,255.0,165.0,6
1353,256.0,165.0,6
1354,257.0,165.0,6
1355,45.0,164.0,3
1356,46.0,164.0,3
1357,47.0,164.0,3
1358,83.0,164.0,3
1359,84.0,164.0,3
1360,85.0,164.0,3
1361,86.0,164.0,3
1362,256.0,164.0,6
1363,46.0,163.0,3
1364,84.0,163.0,3
1365,85.0,163.0,3
1366,86.0,163.0,3
1367,338.0,161.0,2
1368,359.0,161.0,4
1369,397.0,161.0,4
1370,400.0,161.0,4
1371,443.0,161.0,4
1372,293.0,160.0,2
1373,294.0,160.0,2
1374,295.0,160.0,2
1375,397.0,160.0,4
1376,398.0,160.0,4
1377,423.0,160.0,4
1378,424.0,160.0,4
1379,427.0,160.0,4
1380,428.0,160.0,4
1381,432.0,160.0,4
1382,433.0,160.0,4
1383,436.0,160.0,4
1384,293.0,159.0,2
1385,294.0,159.0,2
1386,398.0,159.0,4
1387,419.0,159.0,4
1388,420.0,159.0,4
1389,421.0,159.0,4
1390,422.0,159.0,4
1391,423.0,159.0,4
1392,424.0,159.0,4
1393,425.0,159.0,4
1394,432.0,159.0,4
1395,433.0,159.0,4
1396,434.0,159.0,4
1397,435.0,159.0,4
1398,436.0,159.0,4
1399,282.0,158.0,6
1400,283.0,158.0,6
1401,294.0,158.0,2
1402,399.0,158.0,4
1403,419.0,158.0,4
1404,420.0,158.0,4
1405,421.0,158.0,4
1406,422.0,158.0,4
1407,423.0,158.0,4
1408,424.0,158.0,4
1409,433.0,158.0,4
1410,434.0,158.0,4
1411,435.0,158.0,4
1412,436.0,158.0,4
1413,437.0,158.0,4
1414,442.0,158.0,4
1415,448.0,158.0,4
1416,420.0,157.0,4
1417,422.0,157.0,4
1418,423.0,157.0,4
1419,433.0,157.0,4
1420,434.0,157.0,4
1421,435.0,157.0,4
1422,436.0,157.0,4
1423,448.0,157.0,4
1424,350.0,156.0,4
1425,351.0,156.0,4
1426,352.0,156.0,4
1427,422.0,156.0,4
1428,434.0,156.0,4
1429,435.0,156.0,4
1430,436.0,156.0,4
1431,437.0,156.0,4
1432,351.0,155.0,4
1433,352.0,155.0,4
1434,420.0,155.0,4
1435,435.0,155.0,4
1436,439.0,155.0,4
1437,52.0,154.0,3
1438,359.0,154.0,4
1439,360.0,154.0,4
1440,414.0,154.0,4
1441,443.0,154.0,4
1442,52.0,153.0,3
1443,294.0,153.0,6
1444,357.0,153.0,4
1445,358.0,153.0,4
1446,359.0,153.0,4
1447,384.0,153.0,4
1448,385.0,153.0,4
1449,409.0,153.0,4
1450,410.0,153.0,4
1451,418.0,153.0,4
1452,431.0,153.0,4
1453,48.0,152.0,3
1454,356.0,152.0,4
1455,357.0,152.0,4
1456,358.0,152.0,4
1457,359.0,152.0,4
1458,360.0,152.0,4
1459,361.0,152.0,4
1460,369.0,152.0,4
1461,381.0,152.0,4
1462,382.0,152.0,4
1463,383.0,152.0,4
1464,384.0,152.0,4
1465,385.0,152.0,4
1466,406.0,152.0,4
1467,410.0,152.0,4
1468,411.0,152.0,4
1469,415.0,152.0,4
1470,452.0,152.0,4
1471,41.0,151.0,3
1472,356.0,151.0,4
1473,357.0,151.0,4
1474,358.0,151.0,4
1475,382.0,151.0,4
1476,383.0,151.0,4
1477,384.0,151.0,4
1478,385.0,151.0,4
1479,415.0,151.0,4
1480,417.0,151.0,4
1481,44.0,150.0,3
1482,47.0,150.0,3
1483,48.0,150.0,3
1484,59.0,150.0,3
1485,60.0,150.0,3
1486,250.0,150.0,6
1487,356.0,150.0,4
1488,357.0,150.0,4
1489,358.0,150.0,4
1490,359.0,150.0,4
1491,382.0,150.0,4
1492,384.0,150.0,4
1493,415.0,150.0,4
1494,417.0,150.0,4
1495,46.0,149.0,3
1496,47.0,149.0,3
1497,48.0,149.0,3
1498,49.0,149.0,3
1499,59.0,149.0,3
1500,60.0,149.0,3
1501,286.0,149.0,6
1502,356.0,149.0,4
1503,357.0,149.0,4
1504,358.0,149.0,4
1505,359.0,149.0,4
1506,360.0,149.0,4
1507,384.0,149.0,4
1508,398.0,149.0,4
1509,399.0,149.0,4
1510,415.0,149.0,4
1511,416.0,149.0,4
1512,417.0,149.0,4
1513,433.0,149.0,4
1514,434.0,149.0,4
1515,48.0,148.0,3
1516,49.0,148.0,3
1517,50.0,148.0,3
1518,51.0,148.0,3
1519,269.0,148.0,6
1520,270.0,148.0,6
1521,286.0,148.0,6
1522,357.0,148.0,4
1523,360.0,148.0,4
1524,361.0,148.0,4
1525,413.0,148.0,4
1526,414.0,148.0,4
1527,415.0,148.0,4
1528,416.0,148.0,4
1529,417.0,148.0,4
1530,434.0,148.0,4
1531,435.0,148.0,4
1532,47.0,147.0,3
1533,48.0,147.0,3
1534,49.0,147.0,3
1535,50.0,147.0,3
1536,51.0,147.0,3
1537,52.0,147.0,3
1538,53.0,147.0,3
1539,268.0,147.0,6
1540,269.0,147.0,6
1541,270.0,147.0,6
1542,286.0,147.0,6
1543,321.0,147.0,2
1544,361.0,147.0,4
1545,399.0,147.0,4
1546,409.0,147.0,4
1547,411.0,147.0,4
1548,412.0,147.0,4
1549,413.0,147.0,4
1550,414.0,147.0,4
1551,415.0,147.0,4
1552,416.0,147.0,4
1553,417.0,147.0,4
1554,434.0,147.0,4
1555,435.0,147.0,4
1556,48.0,146.0,3
1557,49.0,146.0,3
1558,50.0,146.0,3
1559,51.0,146.0,3
1560,52.0,146.0,3
1561,53.0,146.0,3
1562,54.0,146.0,3
1563,55.0,146.0,3
1564,56.0,146.0,3
1565,57.0,146.0,3
1566,58.0,146.0,3
1567,59.0,146.0,3
1568,267.0,146.0,6
1569,268.0,146.0,6
1570,269.0,146.0,6
1571,270.0,146.0,6
1572,286.0,146.0,6
1573,356.0,146.0,4
1574,400.0,146.0,4
1575,414.0,146.0,4
1576,415.0,146.0,4
1577,416.0,146.0,4
1578,417.0,146.0,4
1579,418.0,146.0,4
1580,48.0,145.0,3
1581,49.0,145.0,3
1582,50.0,145.0,3
1583,51.0,145.0,3
1584,52.0,145.0,3
1585,53.0,145.0,3
1586,54.0,145.0,3
1587,55.0,145.0,3
1588,56.0,145.0,3
1589,57.0,145.0,3
1590,58.0,145.0,3
1591,59.0,145.0,3
1592,60.0,145.0,3
1593,268.0,145.0,6
1594,269.0,145.0,6
1595,270.0,145.0,6
1596,414.0,145.0,4
1597,415.0,145.0,4
1598,416.0,145.0,4
1599,417.0,145.0,4
1600,418.0,145.0,4
1601,419.0,145.0,4
1602,427.0,145.0,4
1603,48.0,144.0,3
1604,49.0,144.0,3
1605,50.0,144.0,3
1606,51.0,144.0,3
1607,52.0,144.0,3
1608,53.0,144.0,3
1609,55.0,144.0,3
1610,56.0,144.0,3
1611,57.0,144.0,3
1612,58.0,144.0,3
1613,59.0,144.0,3
1614,319.0,144.0,2
1615,320.0,144.0,2
1616,355.0,144.0,4
1617,408.0,144.0,4
1618,414.0,144.0,4
1619,415.0,144.0,4
1620,416.0,144.0,4
1621,49.0,143.0,3
1622,50.0,143.0,3
1623,51.0,143.0,3
1624,52.0,143.0,3
1625,53.0,143.0,3
1626,56.0,143.0,3
1627,57.0,143.0,3
1628,58.0,143.0,3
1629,59.0,143.0,3
1630,338.0,143.0,4
1631,404.0,143.0,4
1632,405.0,143.0,4
1633,406.0,143.0,4
1634,414.0,143.0,4
1635,415.0,143.0,4
1636,434.0,143.0,4
1637,51.0,142.0,3
1638,52.0,142.0,3
1639,53.0,142.0,3
1640,59.0,142.0,3
1641,164.0,142.0,3
1642,274.0,142.0,6
1643,402.0,142.0,4
1644,403.0,142.0,4
1645,404.0,142.0,4
1646,405.0,142.0,4
1647,406.0,142.0,4
1648,52.0,141.0,3
1649,53.0,141.0,3
1650,54.0,141.0,3
1651,59.0,141.0,3
1652,164.0,141.0,3
1653,165.0,141.0,3
1654,253.0,141.0,6
1655,254.0,141.0,6
1656,377.0,141.0,4
1657,401.0,141.0,4
1658,402.0,141.0,4
1659,403.0,141.0,4
1660,404.0,141.0,4
1661,417.0,141.0,4
1662,446.0,141.0,4
1663,53.0,140.0,3
1664,54.0,140.0,3
1665,58.0,140.0,3
1666,59.0,140.0,3
1667,66.0,140.0,3
1668,164.0,140.0,3
1669,165.0,140.0,3
1670,252.0,140.0,6
1671,253.0,140.0,6
1672,254.0,140.0,6
1673,373.0,140.0,4
1674,374.0,140.0,4
1675,375.0,140.0,4
1676,400.0,140.0,4
1677,401.0,140.0,4
1678,402.0,140.0,4
1679,403.0,140.0,4
1680,445.0,140.0,4
1681,446.0,140.0,4
1682,54.0,139.0,3
1683,59.0,139.0,3
1684,67.0,139.0,3
1685,68.0,139.0,3
1686,164.0,139.0,3
1687,165.0,139.0,3
1688,252.0,139.0,6
1689,253.0,139.0,6
1690,254.0,139.0,6
1691,255.0,139.0,6
1692,372.0,139.0,4
1693,373.0,139.0,4
1694,374.0,139.0,4
1695,401.0,139.0,4
1696,402.0,139.0,4
1697,403.0,139.0,4
1698,59.0,138.0,3
1699,68.0,138.0,3
1700,251.0,138.0,6
1701,252.0,138.0,6
1702,253.0,138.0,6
1703,254.0,138.0,6
1704,255.0,138.0,6
1705,256.0,138.0,6
1706,284.0,138.0,6
1707,327.0,138.0,4
1708,373.0,138.0,4
1709,374.0,138.0,4
1710,211.0,137.0,6
1711,212.0,137.0,6
1712,253.0,137.0,6
1713,254.0,137.0,6
1714,259.0,137.0,6
1715,284.0,137.0,6
1716,325.0,137.0,4
1717,327.0,137.0,4
1718,328.0,137.0,4
1719,329.0,137.0,4
1720,428.0,137.0,4
1721,163.0,136.0,3
1722,211.0,136.0,6
1723,254.0,136.0,6
1724,325.0,136.0,4
1725,326.0,136.0,4
1726,327.0,136.0,4
1727,328.0,136.0,4
1728,329.0,136.0,4
1729,376.0,136.0,4
1730,399.0,136.0,4
1731,427.0,136.0,4
1732,428.0,136.0,4
1733,56.0,135.0,3
1734,57.0,135.0,3
1735,254.0,135.0,6
1736,326.0,135.0,4
1737,327.0,135.0,4
1738,328.0,135.0,4
1739,329.0,135.0,4
1740,330.0,135.0,4
1741,359.0,135.0,4
1742,361.0,135.0,4
1743,57.0,134.0,3
1744,303.0,134.0,6
1745,326.0,134.0,4
1746,327.0,134.0,4
1747,328.0,134.0,4
1748,329.0,134.0,4
1749,350.0,134.0,4
1750,359.0,134.0,4
1751,360.0,134.0,4
1752,361.0,134.0,4
1753,417.0,134.0,4
1754,57.0,133.0,3
1755,307.0,133.0,6
1756,350.0,133.0,4
1757,359.0,133.0,4
1758,360.0,133.0,4
1759,361.0,133.0,4
1760,377.0,133.0,4
1761,405.0,133.0,4
1762,414.0,133.0,4
1763,415.0,133.0,4
1764,416.0,133.0,4
1765,417.0,133.0,4
1766,422.0,133.0,4
1767,436.0,133.0,4
1768,58.0,132.0,3
1769,306.0,132.0,6
1770,356.0,132.0,4
1771,357.0,132.0,4
1772,388.0,132.0,4
1773,414.0,132.0,4
1774,415.0,132.0,4
1775,416.0,132.0,4
1776,417.0,132.0,4
1777,423.0,132.0,4
1778,437.0,132.0,4
1779,57.0,131.0,3
1780,58.0,131.0,3
1781,106.0,131.0,3
1782,107.0,131.0,3
1783,110.0,131.0,3
1784,303.0,131.0,6
1785,304.0,131.0,6
1786,305.0,131.0,6
1787,306.0,131.0,6
1788,388.0,131.0,4
1789,414.0,131.0,4
1790,415.0,131.0,4
1791,416.0,131.0,4
1792,56.0,130.0,3
1793,57.0,130.0,3
1794,105.0,130.0,3
1795,106.0,130.0,3
1796,107.0,130.0,3
1797,108.0,130.0,3
1798,109.0,130.0,3
1799,110.0,130.0,3
1800,303.0,130.0,6
1801,304.0,130.0,6
1802,305.0,130.0,6
1803,306.0,130.0,6
1804,375.0,130.0,4
1805,382.0,130.0,4
1806,384.0,130.0,4
1807,385.0,130.0,4
1808,386.0,130.0,4
1809,387.0,130.0,4
1810,388.0,130.0,4
1811,56.0,129.0,3
1812,57.0,129.0,3
1813,58.0,129.0,3
1814,59.0,129.0,3
1815,105.0,129.0,3
1816,106.0,129.0,3
1817,107.0,129.0,3
1818,108.0,129.0,3
1819,109.0,129.0,3
1820,110.0,129.0,3
1821,111.0,129.0,3
1822,303.0,129.0,6
1823,304.0,129.0,6
1824,379.0,129.0,4
1825,381.0,129.0,4
1826,382.0,129.0,4
1827,383.0,129.0,4
1828,384.0,129.0,4
1829,385.0,129.0,4
1830,386.0,129.0,4
1831,387.0,129.0,4
1832,388.0,129.0,4
1833,57.0,128.0,3
1834,58.0,128.0,3
1835,104.0,128.0,3
1836,105.0,128.0,3
1837,106.0,128.0,3
1838,107.0,128.0,3
1839,108.0,128.0,3
1840,109.0,128.0,3
1841,110.0,128.0,3
1842,380.0,128.0,4
1843,381.0,128.0,4
1844,382.0,128.0,4
1845,383.0,128.0,4
1846,384.0,128.0,4
1847,385.0,128.0,4
1848,386.0,128.0,4
1849,387.0,128.0,4
1850,388.0,128.0,4
1851,389.0,128.0,4
1852,393.0,128.0,4
1853,57.0,127.0,3
1854,58.0,127.0,3
1855,107.0,127.0,3
1856,108.0,127.0,3
1857,109.0,127.0,3
1858,110.0,127.0,3
1859,111.0,127.0,3
1860,112.0,127.0,3
1861,297.0,127.0,6
1862,340.0,127.0,4
1863,380.0,127.0,4
1864,381.0,127.0,4
1865,382.0,127.0,4
1866,383.0,127.0,4
1867,384.0,127.0,4
1868,385.0,127.0,4
1869,386.0,127.0,4
1870,387.0,127.0,4
1871,388.0,127.0,4
1872,57.0,126.0,3
1873,58.0,126.0,3
1874,108.0,126.0,3
1875,109.0,126.0,3
1876,110.0,126.0,3
1877,111.0,126.0,3
1878,112.0,126.0,3
1879,113.0,126.0,3
1880,340.0,126.0,4
1881,367.0,126.0,4
1882,379.0,126.0,4
1883,380.0,126.0,4
1884,381.0,126.0,4
1885,382.0,126.0,4
1886,383.0,126.0,4
1887,384.0,126.0,4
1888,385.0,126.0,4
1889,386.0,126.0,4
1890,387.0,126.0,4
1891,388.0,126.0,4
1892,390.0,126.0,4
1893,408.0,126.0,4
1894,409.0,126.0,4
1895,410.0,126.0,4
1896,57.0,125.0,3
1897,58.0,125.0,3
1898,59.0,125.0,3
1899,110.0,125.0,3
1900,111.0,125.0,3
1901,112.0,125.0,3
1902,379.0,125.0,4
1903,380.0,125.0,4
1904,381.0,125.0,4
1905,382.0,125.0,4
1906,383.0,125.0,4
1907,384.0,125.0,4
1908,385.0,125.0,4
1909,386.0,125.0,4
1910,387.0,125.0,4
1911,406.0,125.0,4
1912,407.0,125.0,4
1913,408.0,125.0,4
1914,409.0,125.0,4
1915,72.0,124.0,3
1916,73.0,124.0,3
1917,74.0,124.0,3
1918,112.0,124.0,3
1919,113.0,124.0,3
1920,307.0,124.0,6
1921,308.0,124.0,6
1922,380.0,124.0,4
1923,381.0,124.0,4
1924,382.0,124.0,4
1925,383.0,124.0,4
1926,384.0,124.0,4
1927,385.0,124.0,4
1928,386.0,124.0,4
1929,387.0,124.0,4
1930,388.0,124.0,4
1931,406.0,124.0,4
1932,407.0,124.0,4
1933,408.0,124.0,4
1934,74.0,123.0,3
1935,81.0,123.0,3
1936,82.0,123.0,3
1937,257.0,123.0,6
1938,382.0,123.0,4
1939,383.0,123.0,4
1940,384.0,123.0,4
1941,385.0,123.0,4
1942,386.0,123.0,4
1943,387.0,123.0,4
1944,388.0,123.0,4
1945,407.0,123.0,4
1946,408.0,123.0,4
1947,369.0,122.0,4
1948,377.0,122.0,4
1949,382.0,122.0,4
1950,383.0,122.0,4
1951,384.0,122.0,4
1952,385.0,122.0,4
1953,386.0,122.0,4
1954,426.0,122.0,4
1955,427.0,122.0,4
1956,428.0,122.0,4
1957,361.0,121.0,4
1958,383.0,121.0,4
1959,384.0,121.0,4
1960,385.0,121.0,4
1961,386.0,121.0,4
1962,387.0,121.0,4
1963,427.0,121.0,4
1964,428.0,121.0,4
1965,429.0,121.0,4
1966,243.0,120.0,6
1967,359.0,120.0,4
1968,360.0,120.0,4
1969,361.0,120.0,4
1970,380.0,120.0,4
1971,381.0,120.0,4
1972,386.0,120.0,4
1973,428.0,120.0,4
1974,429.0,120.0,4
1975,430.0,120.0,4
1976,358.0,119.0,4
1977,359.0,119.0,4
1978,360.0,119.0,4
1979,361.0,119.0,4
1980,385.0,119.0,4
1981,429.0,119.0,4
1982,210.0,118.0,6
1983,344.0,118.0,4
1984,358.0,118.0,4
1985,359.0,118.0,4
1986,360.0,118.0,4
1987,361.0,118.0,4
1988,60.0,117.0,3
1989,183.0,117.0,6
1990,209.0,117.0,6
1991,210.0,117.0,6
1992,262.0,117.0,6
1993,340.0,117.0,4
1994,358.0,117.0,4
1995,359.0,117.0,4
1996,360.0,117.0,4
1997,360.0,116.0,4
1998,352.0,115.0,4
1999,353.0,115.0,4
2000,378.0,115.0,4
2001,391.0,115.0,4
2002,392.0,115.0,4
2003,393.0,115.0,4
2004,287.0,114.0,6
2005,288.0,114.0,6
2006,353.0,114.0,4
2007,391.0,114.0,4
2008,392.0,114.0,4
2009,422.0,114.0,4
2010,117.0,113.0,3
2011,392.0,113.0,4
2012,117.0,112.0,3
2013,392.0,112.0,4
2014,393.0,112.0,4
2015,400.0,112.0,4
2016,117.0,111.0,3
2017,118.0,111.0,3
2018,119.0,111.0,3
2019,257.0,111.0,6
2020,259.0,111.0,6
2021,260.0,111.0,6
2022,261.0,111.0,6
2023,262.0,111.0,6
2024,392.0,111.0,4
2025,393.0,111.0,4
2026,117.0,110.0,3
2027,118.0,110.0,3
2028,257.0,110.0,6
2029,258.0,110.0,6
2030,259.0,110.0,6
2031,260.0,110.0,6
2032,261.0,110.0,6
2033,262.0,110.0,6
2034,374.0,110.0,4
2035,375.0,110.0,4
2036,418.0,110.0,4
2037,255.0,109.0,6
2038,256.0,109.0,6
2039,257.0,109.0,6
2040,258.0,109.0,6
2041,259.0,109.0,6
2042,260.0,109.0,6
2043,261.0,109.0,6
2044,262.0,109.0,6
2045,378.0,109.0,4
2046,379.0,109.0,4
2047,380.0,109.0,4
2048,418.0,109.0,4
2049,419.0,109.0,4
2050,196.0,108.0,6
2051,254.0,108.0,6
2052,255.0,108.0,6
2053,256.0,108.0,6
2054,257.0,108.0,6
2055,258.0,108.0,6
2056,259.0,108.0,6
2057,260.0,108.0,6
2058,261.0,108.0,6
2059,262.0,108.0,6
2060,263.0,108.0,6
2061,379.0,108.0,4
2062,380.0,108.0,4
2063,419.0,108.0,4
2064,253.0,107.0,6
2065,254.0,107.0,6
2066,255.0,107.0,6
2067,256.0,107.0,6
2068,257.0,107.0,6
2069,258.0,107.0,6
2070,259.0,107.0,6
2071,260.0,107.0,6
2072,261.0,107.0,6
2073,262.0,107.0,6
2074,263.0,107.0,6
2075,365.0,107.0,4
2076,253.0,106.0,6
2077,254.0,106.0,6
2078,255.0,106.0,6
2079,256.0,106.0,6
2080,257.0,106.0,6
2081,258.0,106.0,6
2082,259.0,106.0,6
2083,260.0,106.0,6
2084,261.0,106.0,6
2085,262.0,106.0,6
2086,263.0,106.0,6
2087,366.0,106.0,4
2088,367.0,106.0,4
2089,368.0,106.0,4
2090,185.0,105.0,6
2091,253.0,105.0,6
2092,254.0,105.0,6
2093,255.0,105.0,6
2094,256.0,105.0,6
2095,257.0,105.0,6
2096,258.0,105.0,6
2097,259.0,105.0,6
2098,260.0,105.0,6
2099,261.0,105.0,6
2100,262.0,105.0,6
2101,366.0,105.0,4
2102,414.0,105.0,4
2103,254.0,104.0,6
2104,255.0,104.0,6
2105,256.0,104.0,6
2106,257.0,104.0,6
2107,258.0,104.0,6
2108,259.0,104.0,6
2109,260.0,104.0,6
2110,261.0,104.0,6
2111,342.0,104.0,4
2112,230.0,103.0,6
2113,255.0,103.0,6
2114,256.0,103.0,6
2115,257.0,103.0,6
2116,258.0,103.0,6
2117,259.0,103.0,6
2118,260.0,103.0,6
2119,280.0,103.0,6
2120,281.0,103.0,6
2121,285.0,103.0,6
2122,290.0,103.0,6
2123,291.0,103.0,6
2124,292.0,103.0,6
2125,327.0,103.0,6
2126,328.0,103.0,6
2127,230.0,102.0,6
2128,254.0,102.0,6
2129,256.0,102.0,6
2130,258.0,102.0,6
2131,281.0,102.0,6
2132,290.0,102.0,6
2133,291.0,102.0,6
2134,320.0,102.0,6
2135,326.0,102.0,6
2136,327.0,102.0,6
2137,328.0,102.0,6
2138,329.0,102.0,6
2139,162.0,101.0,6
2140,254.0,101.0,6
2141,275.0,101.0,6
2142,326.0,101.0,6
2143,327.0,101.0,6
2144,161.0,100.0,6
2145,162.0,100.0,6
2146,163.0,100.0,6
2147,275.0,100.0,6
2148,161.0,99.0,6
2149,162.0,99.0,6
2150,163.0,99.0,6
2151,164.0,99.0,6
2152,206.0,99.0,6
2153,388.0,99.0,4
2154,389.0,99.0,4
2155,161.0,98.0,6
2156,162.0,98.0,6
2157,163.0,98.0,6
2158,164.0,98.0,6
2159,206.0,98.0,6
2160,162.0,97.0,6
2161,163.0,97.0,6
2162,203.0,97.0,6
2163,204.0,97.0,6
2164,408.0,97.0,1
2165,372.0,94.0,4
2166,373.0,94.0,4
2167,377.0,93.0,4
2168,416.0,93.0,1
2169,282.0,92.0,6
2170,223.0,91.0,6
2171,256.0,91.0,6
2172,257.0,91.0,6
2173,336.0,91.0,4
2174,337.0,91.0,4
2175,399.0,91.0,1
2176,304.0,89.0,6
2177,305.0,89.0,6
2178,416.0,89.0,1
2179,417.0,89.0,1
2180,415.0,88.0,1
2181,416.0,88.0,1
2182,417.0,88.0,1
2183,418.0,88.0,1
2184,419.0,88.0,1
2185,415.0,87.0,1
2186,416.0,87.0,1
2187,417.0,87.0,1
2188,418.0,87.0,1
2189,419.0,87.0,1
2190,250.0,86.0,6
2191,254.0,86.0,6
2192,415.0,86.0,1
2193,416.0,86.0,1
2194,417.0,86.0,1
2195,418.0,86.0,1
2196,349.0,85.0,4
2197,350.0,85.0,4
2198,389.0,85.0,1
2199,390.0,85.0,1
2200,415.0,85.0,1
2201,416.0,85.0,1
2202,418.0,85.0,1
2203,348.0,84.0,4
2204,349.0,84.0,4
2205,350.0,84.0,4
2206,352.0,84.0,4
2207,360.0,84.0,4
2208,361.0,84.0,4
2209,349.0,83.0,4
2210,358.0,83.0,4
2211,359.0,83.0,4
2212,349.0,82.0,4
2213,358.0,82.0,4
2214,359.0,82.0,4
2215,421.0,82.0,1
2216,318.0,81.0,6
2217,358.0,81.0,4
2218,251.0,80.0,6
2219,265.0,80.0,6
2220,318.0,80.0,6
2221,319.0,80.0,6
2222,320.0,80.0,6
2223,321.0,80.0,6
2224,325.0,80.0,6
2225,326.0,80.0,6
2226,329.0,80.0,6
2227,340.0,80.0,4
2228,341.0,80.0,4
2229,342.0,80.0,4
2230,346.0,80.0,4
2231,376.0,80.0,1
2232,249.0,79.0,6
2233,250.0,79.0,6
2234,251.0,79.0,6
2235,318.0,79.0,6
2236,319.0,79.0,6
2237,320.0,79.0,6
2238,321.0,79.0,6
2239,249.0,78.0,6
2240,250.0,78.0,6
2241,251.0,78.0,6
2242,318.0,78.0,6
2243,319.0,78.0,6
2244,320.0,78.0,6
2245,333.0,78.0,6
2246,410.0,78.0,1
2247,249.0,77.0,6
2248,250.0,77.0,6
2249,251.0,77.0,6
2250,309.0,77.0,6
2251,310.0,77.0,6
2252,318.0,77.0,6
2253,319.0,77.0,6
2254,320.0,77.0,6
2255,321.0,77.0,6
2256,249.0,76.0,6
2257,250.0,76.0,6
2258,251.0,76.0,6
2259,274.0,76.0,6
2260,296.0,76.0,6
2261,297.0,76.0,6
2262,309.0,76.0,6
2263,310.0,76.0,6
2264,320.0,76.0,6
2265,321.0,76.0,6
2266,424.0,76.0,1
2267,249.0,75.0,6
2268,250.0,75.0,6
2269,251.0,75.0,6
2270,273.0,75.0,6
2271,274.0,75.0,6
2272,296.0,75.0,6
2273,297.0,75.0,6
2274,309.0,75.0,6
2275,310.0,75.0,6
2276,321.0,75.0,6
2277,325.0,75.0,6
2278,331.0,75.0,6
2279,425.0,75.0,1
2280,111.0,74.0,3
2281,249.0,74.0,6
2282,272.0,74.0,6
2283,273.0,74.0,6
2284,274.0,74.0,6
2285,276.0,74.0,6
2286,287.0,74.0,6
2287,288.0,74.0,6
2288,291.0,74.0,6
2289,311.0,74.0,6
2290,326.0,74.0,6
2291,327.0,74.0,6
2292,328.0,74.0,6
2293,329.0,74.0,6
2294,330.0,74.0,6
2295,331.0,74.0,6
2296,425.0,74.0,1
2297,111.0,73.0,3
2298,249.0,73.0,6
2299,272.0,73.0,6
2300,273.0,73.0,6
2301,274.0,73.0,6
2302,275.0,73.0,6
2303,276.0,73.0,6
2304,277.0,73.0,6
2305,287.0,73.0,6
2306,288.0,73.0,6
2307,289.0,73.0,6
2308,311.0,73.0,6
2309,312.0,73.0,6
2310,327.0,73.0,6
2311,329.0,73.0,6
2312,330.0,73.0,6
2313,331.0,73.0,6
2314,413.0,73.0,1
2315,414.0,73.0,1
2316,271.0,72.0,6
2317,272.0,72.0,6
2318,273.0,72.0,6
2319,274.0,72.0,6
2320,275.0,72.0,6
2321,276.0,72.0,6
2322,277.0,72.0,6
2323,289.0,72.0,6
2324,290.0,72.0,6
2325,415.0,72.0,1
2326,423.0,72.0,1
2327,248.0,71.0,6
2328,271.0,71.0,6
2329,272.0,71.0,6
2330,273.0,71.0,6
2331,274.0,71.0,6
2332,275.0,71.0,6
2333,276.0,71.0,6
2334,277.0,71.0,6
2335,278.0,71.0,6
2336,423.0,71.0,1
2337,270.0,70.0,6
2338,271.0,70.0,6
2339,272.0,70.0,6
2340,273.0,70.0,6
2341,274.0,70.0,6
2342,275.0,70.0,6
2343,276.0,70.0,6
2344,277.0,70.0,6
2345,278.0,70.0,6
2346,279.0,70.0,6
2347,280.0,70.0,6
2348,323.0,70.0,6
2349,415.0,70.0,1
2350,416.0,70.0,1
2351,423.0,70.0,1
2352,246.0,69.0,6
2353,270.0,69.0,6
2354,271.0,69.0,6
2355,272.0,69.0,6
2356,273.0,69.0,6
2357,274.0,69.0,6
2358,275.0,69.0,6
2359,276.0,69.0,6
2360,277.0,69.0,6
2361,278.0,69.0,6
2362,279.0,69.0,6
2363,323.0,69.0,6
2364,324.0,69.0,6
2365,410.0,69.0,1
2366,422.0,69.0,1
2367,423.0,69.0,1
2368,241.0,68.0,6
2369,242.0,68.0,6
2370,243.0,68.0,6
2371,244.0,68.0,6
2372,271.0,68.0,6
2373,272.0,68.0,6
2374,273.0,68.0,6
2375,274.0,68.0,6
2376,275.0,68.0,6
2377,276.0,68.0,6
2378,277.0,68.0,6
2379,278.0,68.0,6
2380,421.0,68.0,1
2381,422.0,68.0,1
2382,423.0,68.0,1
2383,424.0,68.0,1
2384,240.0,67.0,6
2385,241.0,67.0,6
2386,242.0,67.0,6
2387,243.0,67.0,6
2388,244.0,67.0,6
2389,271.0,67.0,6
2390,272.0,67.0,6
2391,273.0,67.0,6
2392,274.0,67.0,6
2393,275.0,67.0,6
2394,276.0,67.0,6
2395,277.0,67.0,6
2396,278.0,67.0,6
2397,421.0,67.0,1
2398,422.0,67.0,1
2399,423.0,67.0,1
2400,424.0,67.0,1
2401,425.0,67.0,1
2402,240.0,66.0,6
2403,241.0,66.0,6
2404,242.0,66.0,6
2405,243.0,66.0,6
2406,276.0,66.0,6
2407,277.0,66.0,6
2408,278.0,66.0,6
2409,279.0,66.0,6
2410,419.0,66.0,1
2411,420.0,66.0,1
2412,421.0,66.0,1
2413,422.0,66.0,1
2414,423.0,66.0,1
2415,424.0,66.0,1
2416,429.0,66.0,1
2417,430.0,66.0,1
2418,240.0,65.0,6
2419,241.0,65.0,6
2420,242.0,65.0,6
2421,243.0,65.0,6
2422,278.0,65.0,6
2423,279.0,65.0,6
2424,421.0,65.0,1
2425,422.0,65.0,1
2426,423.0,65.0,1
2427,424.0,65.0,1
2428,430.0,65.0,1
2429,243.0,64.0,6
2430,410.0,64.0,1
2431,411.0,64.0,1
2432,420.0,64.0,1
2433,421.0,64.0,1
2434,422.0,64.0,1
2435,423.0,64.0,1
2436,161.0,63.0,6
2437,410.0,63.0,1
2438,421.0,63.0,1
2439,422.0,63.0,1
2440,424.0,63.0,1
2441,431.0,63.0,1
2442,161.0,62.0,6
2443,162.0,62.0,6
2444,252.0,62.0,6
2445,410.0,62.0,1
2446,431.0,62.0,1
2447,409.0,61.0,1
2448,412.0,61.0,1
2449,413.0,61.0,1
2450,417.0,61.0,1
2451,248.0,60.0,6
2452,249.0,60.0,6
2453,275.0,60.0,6
2454,409.0,60.0,1
2455,410.0,60.0,1
2456,411.0,60.0,1
2457,412.0,60.0,1
2458,413.0,60.0,1
2459,417.0,60.0,1
2460,418.0,60.0,1
2461,419.0,60.0,1
2462,420.0,60.0,1
2463,248.0,59.0,6
2464,249.0,59.0,6
2465,409.0,59.0,1
2466,410.0,59.0,1
2467,411.0,59.0,1
2468,412.0,59.0,1
2469,413.0,59.0,1
2470,414.0,59.0,1
2471,415.0,59.0,1
2472,416.0,59.0,1
2473,417.0,59.0,1
2474,418.0,59.0,1
2475,220.0,58.0,6
2476,258.0,58.0,6
2477,409.0,58.0,1
2478,410.0,58.0,1
2479,411.0,58.0,1
2480,412.0,58.0,1
2481,413.0,58.0,1
2482,414.0,58.0,1
2483,415.0,58.0,1
2484,409.0,57.0,1
2485,410.0,57.0,1
2486,412.0,57.0,1
2487,414.0,57.0,1
2488,233.0,56.0,6
2489,409.0,56.0,1
2490,410.0,56.0,1
2491,411.0,56.0,1
2492,232.0,55.0,6
2493,410.0,55.0,1
2494,413.0,55.0,1
2495,435.0,55.0,1
2496,234.0,54.0,6
2497,241.0,54.0,6
2498,435.0,54.0,1
2499,436.0,54.0,1
2500,119.0,53.0,3
2501,236.0,53.0,6
2502,412.0,53.0,1
2503,413.0,53.0,1
2504,436.0,53.0,1
2505,437.0,53.0,1
2506,412.0,52.0,1
2507,413.0,52.0,1
2508,437.0,52.0,1
2509,412.0,51.0,1
2510,413.0,51.0,1
2511,413.0,50.0,1
2512,439.0,50.0,1
2513,439.0,49.0,1
2514,414.0,48.0,1
2515,417.0,48.0,1
2516,439.0,48.0,1
2517,440.0,48.0,1
2518,255.0,47.0,6
2519,418.0,47.0,1
2520,438.0,47.0,1
2521,439.0,47.0,1
2522,440.0,47.0,1
2523,252.0,46.0,6
2524,253.0,46.0,6
2525,438.0,46.0,1
2526,439.0,46.0,1
2527,440.0,46.0,1
2528,253.0,45.0,6
2529,254.0,45.0,6
2530,439.0,45.0,1
2531,440.0,45.0,1
2532,230.0,44.0,6
2533,231.0,44.0,6
2534,420.0,44.0,1
2535,421.0,44.0,1
2536,422.0,44.0,1
2537,440.0,44.0,1
2538,230.0,43.0,6
2539,231.0,43.0,6
2540,420.0,43.0,1
2541,421.0,43.0,1
2542,422.0,43.0,1
2543,439.0,43.0,1
2544,440.0,43.0,1
2545,230.0,42.0,6
2546,420.0,42.0,1
2547,421.0,42.0,1
2548,422.0,42.0,1
2549,439.0,42.0,1
2550,440.0,42.0,1
2551,422.0,41.0,1
2552,439.0,41.0,1
2553,440.0,41.0,1
2554,422.0,40.0,1
2555,438.0,40.0,1
2556,439.0,40.0,1
2557,440.0,40.0,1
2558,423.0,39.0,1
2559,438.0,39.0,1
2560,439.0,39.0,1
2561,440.0,39.0,1
2562,441.0,39.0,1
2563,423.0,38.0,1
2564,438.0,38.0,1
2565,439.0,38.0,1
2566,440.0,38.0,1
2567,441.0,38.0,1
2568,438.0,37.0,1
2569,439.0,37.0,1
2570,440.0,37.0,1
2571,441.0,37.0,1
2572,438.0,36.0,1
2573,439.0,36.0,1
2574,440.0,36.0,1
2575,441.0,36.0,1
2576,438.0,35.0,1
2577,439.0,35.0,1
2578,440.0,35.0,1
2579,438.0,34.0,1
2580,439.0,34.0,1
2581,438.0,33.0,1
2582,439.0,33.0,1
2583,473.0,33.0,1
2584,126.0,32.0,3
2585,438.0,32.0,1
2586,245.0,29.0,6
2587,242.0,28.0,6
2588,243.0,28.0,6
2589,244.0,28.0,6
2590,245.0,28.0,6
2591,246.0,28.0,6
2592,243.0,27.0,6
2593,244.0,27.0,6
2594,245.0,27.0,6
2595,246.0,27.0,6
2596,247.0,27.0,6
2597,249.0,27.0,6
2598,250.0,27.0,6
2599,243.0,26.0,6
2600,244.0,26.0,6
2601,250.0,26.0,6
2602,243.0,25.0,6
2603,244.0,25.0,6
2604,187.0,24.0,6
2605,221.0,24.0,6
2606,222.0,24.0,6
2607,251.0,24.0,6
2608,252.0,24.0,6
2609,253.0,24.0,6
2610,186.0,23.0,6
2611,187.0,23.0,6
2612,188.0,23.0,6
2613,219.0,23.0,6
2614,220.0,23.0,6
2615,221.0,23.0,6
2616,222.0,23.0,6
2617,223.0,23.0,6
2618,251.0,23.0,6
2619,252.0,23.0,6
2620,186.0,22.0,6
2621,187.0,22.0,6
2622,188.0,22.0,6
2623,219.0,22.0,6
2624,220.0,22.0,6
2625,221.0,22.0,6
2626,222.0,22.0,6
2627,223.0,22.0,6
2628,221.0,21.0,6
2629,222.0,21.0,6
2630,223.0,21.0,6
2631,214.0,20.0,6
2632,213.0,19.0,6
2633,214.0,19.0,6
2634,142.0,18.0,6
2635,142.0,17.0,6
2636,109.0,14.0,3
2637,172.0,5.0,6
2638,421.0,1.0,1
2639,422.0,1.0,1
